"asset_id","unit","slide_id","type","title","description","pedagogical_purpose","source_url","creator","organization","license","access_date","local_path","status","credit_text","notes"
"U06-IMG-001","06","U06-001;U06-009;U06-010","external_image","Pabellón y oído periférico","Recorte del SVG anatómico U06-IMG-003 centrado en pabellón y entrada del CAE.","Anclar dirección, geometría y entrada acústica sin usar una fotografía decorativa.","https://commons.wikimedia.org/wiki/File:Anatomy_of_the_Human_Ear_1_Intl.svg","Jmarchn","Wikimedia Commons","CC BY-SA 3.0; también GFDL","2026-08-10","","proposed","Ilustración: Jmarchn, CC BY-SA 3.0, vía Wikimedia Commons.","Derivado futuro de U06-IMG-003; no crear hasta aprobar recorte y atribución share-alike. Alternativa: DG-005 sin imagen."
"U06-IMG-002","06","U06-012","external_image","Real ear measurement","Fotografía real de medición con tubo sonda insertado en el CAE.","Mostrar que la presión se mide en una posición concreta y reconocer sonda/micrófono de referencia.","https://commons.wikimedia.org/wiki/File:RealEarMeasurement.png","Cstokesrees","Wikimedia Commons","CC BY-SA 3.0","2026-08-10","units/unit_06/assets/external/u06_img_002_medicion_oido_real.png","downloaded","Foto: Cstokesrees, CC BY-SA 3.0, vía Wikimedia Commons.","Original 1350×1800; SHA256 B751B302EAC63F9C545EA2DEB89A05A20BF6E2D2A7796C2B254CF6EB2A046951. Inspeccionada: sonda y referencia visibles; recorte vertical/horizontal por producir sin ocultar la punta. Alternativa DG-006/llamadas editables."
"U06-IMG-003","06","U06-019;U06-029","external_image","Anatomy of the Human Ear 1 Intl","SVG numerado del oído externo, medio e interno.","Dar referencia anatómica global y ubicar tímpano, huesecillos, ventanas y cóclea.","https://commons.wikimedia.org/wiki/File:Anatomy_of_the_Human_Ear_1_Intl.svg","Jmarchn","Wikimedia Commons","CC BY-SA 3.0; también GFDL","2026-08-10","units/unit_06/assets/external/u06_img_003_anatomia_oido_humano.svg","downloaded","Ilustración: Jmarchn, CC BY-SA 3.0, vía Wikimedia Commons.","SVG original 729×530; SHA256 9C82119AF628C8FFD8A2EECE81DFAA54AADF99A1A908E3B8523661F327872513. Inspeccionado: 23 llamadas son demasiado densas para aula; usar solo como referencia/recorte y superponer 4–7 rótulos propios. Alternativa DG-012/DG-015."
"U06-IMG-004","06","U06-026","external_image","Eustachian Tube (PSF)","Ilustración anatómica de la trompa auditiva y su conexión.","Ubicar la comunicación oído medio–nasofaringe antes de explicar equilibrio de presión.","https://commons.wikimedia.org/wiki/File:Eustachian_Tube_(PSF).png","Pearson Scott Foresman","Wikimedia Commons / Pearson Scott Foresman","Dominio público; liberado por el titular","2026-08-10","","shortlisted","Ilustración: Pearson Scott Foresman, dominio público, vía Wikimedia Commons.","No descargada. Comparar con el recorte de U06-IMG-003 y elegir la opción anatómicamente más clara. Alternativa DG-014."
"U06-IMG-005","06","U06-047","external_image","Vibrador óseo y punto de apoyo","Fotografía propia de un vibrador óseo disponible en la institución.","Reconocer transductor, acoplamiento y punto de apoyo sin convertir la demostración en prueba clínica.","","Equipo docente","UCASAL","Producción propia; uso institucional","","","proposed","Producción propia UCASAL.","No sustituir por auriculares de conducción ósea de consumo. Registrar modelo, escala, ubicación y consentimiento si aparece una persona. Alternativa DG-029."
"U06-IMG-006","06","U06-056;U06-073","external_image","Organ of Corti multilingual updated version","SVG técnico numerado con CCI, CCE, membranas, pilares y túneles.","Servir como referencia anatómica y respaldo para construir un corte simplificado editable.","https://commons.wikimedia.org/wiki/File:Organ_of_Corti_multilingual_updated_version.svg","Hsebasti","Wikimedia Commons","CC BY-SA 4.0","2026-08-10","units/unit_06/assets/external/u06_img_006_organo_corti_multilingue.svg","downloaded","Ilustración: Hsebasti, CC BY-SA 4.0, vía Wikimedia Commons.","SVG 596×391; SHA256 D8E06F0CDE3A326E67A12CECE1465A5DA78191EAAD90F4F808FD79C597FBE7F4. Inspeccionado: útil como referencia, pero demasiado denso y con leyenda multilingüe; requiere revisión anatómica independiente antes de aprobar. Alternativa DG-035B/DG-041."
"U06-IMG-007","06","U06-057;U06-073;U06-116","external_image","Gray 932 — Tunnel of Corti","Lámina histórica del órgano de Corti con túnel y pilares identificados.","Sustentar la definición obligatoria del túnel de Corti y validar los límites del esquema propio.","https://commons.wikimedia.org/wiki/File:Gray932.png","Henry Vandyke Carter; edición de Gray's Anatomy","Wikimedia Commons","Dominio público; Public Domain Mark 1.0","2026-08-10","","shortlisted","Henry Vandyke Carter, dominio público, vía Wikimedia Commons.","Descarga pospuesta por límite 429 del servidor; no se creó archivo parcial. Alta trazabilidad anatómica histórica, pero debe contrastarse con una fuente moderna antes de usar como visual principal. Alternativa U06-IMG-006 + DG-036."
"U06-IMG-008","06","U06-051;U06-052;U06-060","external_image","Cross Section of the Cochlea — Figure 14.7","Ilustración de las tres rampas, conducto coclear y órgano de Corti.","Contrastar la geometría de los diagramas propios y ofrecer una referencia anatómica introductoria.","https://openstax.org/books/anatomy-and-physiology-2e/pages/14-1-sensory-perception","OpenStax contributors","Rice University / OpenStax","CC BY-NC-SA 4.0; algunas micrografías poseen crédito propio","2026-08-10","","shortlisted","Copyright Rice University, OpenStax, CC BY-NC-SA 4.0.","No descargada. Usar solo la figura cuyo crédito individual no introduzca restricciones adicionales; alternativa DG-032–DG-037."
"U06-IMG-009","06","U06-080;U06-100","external_image","Equipamento portátil de Emissões Otoacústicas OAE","Imagen de equipo portátil de OEA.","Reconocer el instrumento como punto de observación de una cadena, no como evidencia diagnóstica aislada.","https://commons.wikimedia.org/wiki/File:Equipamento_port%C3%A1til_de_Emiss%C3%B5es_Otoac%C3%BAsticas_OAE.png","Ray Soares Nogueira","Wikimedia Commons","CC BY-SA 4.0","2026-08-10","","shortlisted","Imagen: Ray Soares Nogueira, CC BY-SA 4.0, vía Wikimedia Commons.","Descarga pospuesta por límite 429; no se creó archivo parcial. La imagen fue producida en Canva y debe evaluarse como captura de instrumento, no como diagrama científico. Alternativa DG-047/DG-060."
"U06-IMG-010","06","U06-101","external_image","Montaje genérico de potencial evocado","Fotografía propia de electrodos, referencia y sistema de registro sin datos identificatorios.","Mostrar que el registro depende de montaje y referencia eléctrica.","","Equipo docente","UCASAL","Producción propia con consentimiento","","","proposed","Producción propia UCASAL.","No usar una captura clínica con datos personales. Si no se dispone del montaje, usar exclusivamente DG-061."
"U06-IMG-011","06","U06-085","reference","Resting potential of cochlear hair cells","Artículo de revisión y evidencia fisiológica para definir potencial de reposo y su referencia de medida.","Cerrar la fuente obligatoria antes de producir el diagrama celular.","https://doi.org/10.1002/cphy.c160049","Robert Fettiplace","Comprehensive Physiology / Wiley","Copyright del editor; uso como referencia, no reutilización automática de figuras","2026-08-10","","shortlisted","Fettiplace (2017), doi:10.1002/cphy.c160049.","La versión en PMC confirma que células ciliadas maduras no generan potenciales de acción y discute potencial de reposo. No copiar figuras sin verificar licencia; alternativa DG-050 propio."
"U06-MEDIA-001","06","U06-062;U06-063","video_or_gif","Onda viajera y oscilación local","Animación propia de partículas que oscilan y envolvente que progresa base→ápex.","Corregir la idea de circulación neta del fluido y hacer visible la onda viajera.","","Equipo docente","UCASAL","Producción propia basada en TEX/PDF y referencias","","","proposed","Producción propia UCASAL; basada en el libro del curso.","MP4/GIF local; sin audio; respaldo DG-038/DG-039. Parámetros y límites en media_plan.md."
"U06-MEDIA-002","06","U06-074;U06-075","video_or_gif","Micromecánica del órgano de Corti","Animación propia en dos estados de basilar, tectorial y haces.","Mostrar movimiento relativo y dirección de deflexión sin depender de una animación externa opaca.","","Equipo docente","UCASAL","Producción propia basada en TEX/PDF y referencias","","","proposed","Producción propia UCASAL; anatomía validada antes de exportar.","MP4/GIF local; sin audio; respaldo DG-042/DG-043. Requiere revisión anatómica independiente."
"U06-MEDIA-003","06","U06-088;U06-090;U06-091","video_or_gif","Transducción por etapas","Animación propia controlada: deflexión, canal, corriente, receptor y sinapsis.","Revelar una transformación por vez en el bloque de mayor carga cognitiva.","","Equipo docente","UCASAL","Producción propia basada en TEX/PDF y referencias","","","proposed","Producción propia UCASAL.","Opcional; si la producción no supera a DG-053–DG-056, conservar solo estados estáticos."
"U06-MEDIA-004","06","U06-041;U06-047","video_or_gif","Demostración de conducción ósea","Registro propio breve de transductor/vibrador y ruta física, sin tarea de umbral.","Distinguir demostración fenomenológica de evaluación audiológica.","","Equipo docente","UCASAL","Producción propia con protocolo de seguridad","","","proposed","Producción propia UCASAL.","Opcional; documentar equipo, higiene, nivel y consentimiento. Alternativa DG-024/DG-029."
"U06-MEDIA-REF-001","06","U06-002;U06-062;U06-105","video_or_gif","Journey of Sound to the Brain","Video animado institucional del trayecto del sonido al cerebro.","Ofrecer una referencia pública breve para apertura/cierre; no reemplazar la explicación detallada de U6.","https://www.nidcd.nih.gov/news/multimedia/journey-of-sound-video","National Institute on Deafness and Other Communication Disorders","NIH/NIDCD","Dominio público según la página NIDCD; atribución solicitada","2026-08-10","","shortlisted","Fuente: NIDCD/NIH, dominio público.","No descargado ni recortado. Si se usa, seleccionar 8–12 s del tramo oído medio→cóclea tras revisión cuadro a cuadro; alternativa cadena DG-001."
"U06-REF-001","06","U06-019;U06-026;U06-052;U06-073;U06-088","reference","OpenStax Anatomy and Physiology 2e — Sensory Perception","Texto e ilustraciones introductorias de oído, cóclea, órgano de Corti y transducción.","Validar orientación y vocabulario de primer año y contrastar diagramas propios.","https://openstax.org/books/anatomy-and-physiology-2e/pages/14-1-sensory-perception","OpenStax contributors","Rice University / OpenStax","CC BY-NC-SA 4.0; verificar crédito individual de cada figura","2026-08-10","","shortlisted","Copyright Rice University, OpenStax, CC BY-NC-SA 4.0.","Referencia académica introductoria; no usar la formulación pitch=frecuencia sin el límite curricular de U6/U7."
"U06-REF-002","06","U06-011;U06-012","reference","Real-ear measurements by probe microphone","Artículo técnico de medición con sonda en oído real.","Sustentar dependencia espacial de la presión y la aplicación de U06-012.","https://doi.org/10.51445/sja.auditio.vol3.2006.0037","Franz Zenker Castro","Auditio","CC BY 3.0 España para artículos 2001–2020","2026-08-10","","shortlisted","Zenker Castro, Auditio, CC BY 3.0.","Usar como referencia técnica; seleccionar figura solo después de verificar crédito y resolución."
"U06-REF-003","06","U06-057;U06-073;U06-116","reference","Organ of Corti — Gray plates 931–932","Láminas históricas de dominio público con pilares, túnel y células.","Triangular la anatomía del túnel de Corti con U06-IMG-006 y una fuente moderna.","https://commons.wikimedia.org/wiki/File:Gray932.png","Henry Vandyke Carter","Gray's Anatomy / Wikimedia Commons","Dominio público; Public Domain Mark 1.0","2026-08-10","","shortlisted","Henry Vandyke Carter, dominio público, vía Wikimedia Commons.","No aprobar por antigüedad solamente: exigir contraste moderno y revisión anatómica."
"U06-CH-001","06","U06-064, 066–067, 071","generated_chart","¿Cómo cambia el lugar de máxima respuesta con la frecuencia y por qué no es una “celda” aislada?","gráfico cuantitativo propio con SVG y PNG de alta resolución.","¿Cómo cambia el lugar de máxima respuesta con la frecuencia y por qué no es una “celda” aislada?","","Equipo docente","UCASAL","Producción propia; uso institucional","2026-08-10","units\unit_06\assets\generated\charts\U06-CH-001\u06_fig_001_tonotopia_normalizada.svg","approved","Producción propia UCASAL.","Fuente/modelo: TEX 6.7.2, fig. 6.6a; Fettiplace 2017; Caprara y Peng 2022. Script y datos reproducibles en la carpeta del asset."
"U06-CH-002A","06","U06-068, 071","generated_chart","¿Qué caracteriza la respuesta coclear a una señal débil?","gráfico cuantitativo propio con SVG y PNG de alta resolución.","¿Qué caracteriza la respuesta coclear a una señal débil?","","Equipo docente","UCASAL","Producción propia; uso institucional","2026-08-10","units\unit_06\assets\generated\charts\U06-CH-002A\u06_fig_002a_nivel_debil.svg","approved","Producción propia UCASAL.","Fuente/modelo: TEX 6.7.3, fig. 6.6b; referencias del capítulo. Script y datos reproducibles en la carpeta del asset."
"U06-CH-002B","06","U06-069, 071","generated_chart","¿Qué cambia al aumentar el nivel manteniendo la frecuencia?","gráfico cuantitativo propio con SVG y PNG de alta resolución.","¿Qué cambia al aumentar el nivel manteniendo la frecuencia?","","Equipo docente","UCASAL","Producción propia; uso institucional","2026-08-10","units\unit_06\assets\generated\charts\U06-CH-002B\u06_fig_002b_nivel_y_extension.svg","approved","Producción propia UCASAL.","Fuente/modelo: TEX 6.7.3; Fettiplace 2017. Script y datos reproducibles en la carpeta del asset."
"U06-CH-003","06","U06-070","generated_chart","¿Por qué el proceso activo no puede representarse como una ganancia constante?","gráfico cuantitativo propio con SVG y PNG de alta resolución.","¿Por qué el proceso activo no puede representarse como una ganancia constante?","","Equipo docente","UCASAL","Producción propia; uso institucional","2026-08-10","units\unit_06\assets\generated\charts\U06-CH-003\u06_fig_003_compresion_coclear.svg","approved","Producción propia UCASAL.","Fuente/modelo: TEX 6.7.3; Fettiplace 2017. Script y datos reproducibles en la carpeta del asset."
"U06-CH-004","06","U06-095","generated_chart","¿Cómo se transforma una firma mecánica espacial en actividad de una población aferente?","gráfico cuantitativo propio con SVG y PNG de alta resolución.","¿Cómo se transforma una firma mecánica espacial en actividad de una población aferente?","","Equipo docente","UCASAL","Producción propia; uso institucional","2026-08-10","units\unit_06\assets\generated\charts\U06-CH-004\u06_fig_004_codigo_espacial.svg","approved","Producción propia UCASAL.","Fuente/modelo: TEX 6.7.2 y 6.9.1; Fettiplace 2017. Script y datos reproducibles en la carpeta del asset."
"U06-CH-006","06","U06-098","generated_chart","¿Cómo puede el nivel ampliar el patrón periférico sin equivaler linealmente a sonoridad?","gráfico cuantitativo propio con SVG y PNG de alta resolución.","¿Cómo puede el nivel ampliar el patrón periférico sin equivaler linealmente a sonoridad?","","Equipo docente","UCASAL","Producción propia; uso institucional","2026-08-10","units\unit_06\assets\generated\charts\U06-CH-006\u06_fig_006_codigo_nivel.svg","approved","Producción propia UCASAL.","Fuente/modelo: TEX 6.7.3 y 6.9.2; Fettiplace 2017. Script y datos reproducibles en la carpeta del asset."
"U06-DG-001","06","U06-002, 017, 027, 039, 071","generated_diagram","Orientar y recuperar la cadena periférica por capas","diagrama conceptual · mapa acumulativo propio, editable y con respaldo estático.","Orientar y recuperar la cadena periférica por capas","","Equipo docente","UCASAL","Producción propia; uso institucional","2026-08-10","units\unit_06\assets\generated\diagrams\U06-DG-001\u06_dg_001_master.svg","approved","Producción propia UCASAL.","PPTX editable, SVG/PNG y fuente estructural en la carpeta del asset. Estado del plan: approved."
"U06-DG-002","06","U06-003","generated_diagram","Conectar U2–U5 con cuatro preguntas de U6","diagrama conceptual · puente propio, editable y con respaldo estático.","Conectar U2–U5 con cuatro preguntas de U6","","Equipo docente","UCASAL","Producción propia; uso institucional","2026-08-10","units\unit_06\assets\generated\diagrams\U06-DG-002\u06_dg_002_master.svg","approved","Producción propia UCASAL.","PPTX editable, SVG/PNG y fuente estructural en la carpeta del asset. Estado del plan: approved."
"U06-DG-003","06","U06-004, 023","generated_diagram","Clasificar presión, fuerza, desplazamiento y potencial","diagrama conceptual · matriz de actividad propio, editable y con respaldo estático.","Clasificar presión, fuerza, desplazamiento y potencial","","Equipo docente","UCASAL","Producción propia; uso institucional","2026-08-10","units\unit_06\assets\generated\diagrams\U06-DG-003\u06_dg_003_master.svg","approved","Producción propia UCASAL.","PPTX editable, SVG/PNG y fuente estructural en la carpeta del asset. Estado del plan: approved."
"U06-DG-004","06","U06-007","generated_diagram","Mostrar 4 macroetapas y 10 bloques","diagrama conceptual · mapa de clase propio, editable y con respaldo estático.","Mostrar 4 macroetapas y 10 bloques","","Equipo docente","UCASAL","Producción propia; uso institucional","2026-08-10","units\unit_06\assets\generated\diagrams\U06-DG-004\u06_dg_004_master.svg","approved","Producción propia UCASAL.","PPTX editable, SVG/PNG y fuente estructural en la carpeta del asset. Estado del plan: approved."
"U06-DG-006","06","U06-011","generated_diagram","Mostrar presión dependiente de posición en CAE","diagrama conceptual · esquema ondulatorio propio, editable y con respaldo estático.","Mostrar presión dependiente de posición en CAE","","Equipo docente","UCASAL","Producción propia; uso institucional","2026-08-10","units\unit_06\assets\generated\diagrams\U06-DG-006\u06_dg_006_master.svg","approved","Producción propia UCASAL.","PPTX editable, SVG/PNG y fuente estructural en la carpeta del asset. Estado del plan: approved."
"U06-DG-008","06","U06-014","generated_diagram","Construir el cuarto de onda antes de la fórmula","diagrama conceptual · modelo de tubo propio, editable y con respaldo estático.","Construir el cuarto de onda antes de la fórmula","","Equipo docente","UCASAL","Producción propia; uso institucional","2026-08-10","units\unit_06\assets\generated\diagrams\U06-DG-008\u06_dg_008_master.svg","approved","Producción propia UCASAL.","PPTX editable, SVG/PNG y fuente estructural en la carpeta del asset. Estado del plan: approved."
"U06-DG-009","06","U06-015–016, 109","generated_diagram","Interpretar y aplicar la resonancia aproximada","ecuación anotada · ecuación y ejemplo propio, editable y con respaldo estático.","Interpretar y aplicar la resonancia aproximada","","Equipo docente","UCASAL","Producción propia; uso institucional","2026-08-10","units\unit_06\assets\generated\diagrams\U06-DG-009\u06_dg_009_master.svg","approved","Producción propia UCASAL.","PPTX editable, SVG/PNG y fuente estructural en la carpeta del asset. Estado del plan: approved."
"U06-DG-009B","06","U06-015–016, 109","generated_diagram","Interpretar y aplicar la resonancia aproximada","ecuación anotada · ecuación y ejemplo propio, editable y con respaldo estático.","Interpretar y aplicar la resonancia aproximada","","Equipo docente","UCASAL","Producción propia; uso institucional","2026-08-10","units\unit_06\assets\generated\diagrams\U06-DG-009B\u06_dg_009b_master.svg","approved","Producción propia UCASAL.","PPTX editable, SVG/PNG y fuente estructural en la carpeta del asset. Estado del plan: approved."
"U06-DG-010","06","U06-020","generated_diagram","Construir `Δp` antes de la fuerza","diagrama de proceso · proceso físico propio, editable y con respaldo estático.","Construir `Δp` antes de la fuerza","","Equipo docente","UCASAL","Producción propia; uso institucional","2026-08-10","units\unit_06\assets\generated\diagrams\U06-DG-010\u06_dg_010_master.svg","approved","Producción propia UCASAL.","PPTX editable, SVG/PNG y fuente estructural en la carpeta del asset. Estado del plan: approved."
"U06-DG-012","06","U06-024","generated_diagram","Mostrar por qué fuerza no determina movimiento","diagrama conceptual · sistema mecánico propio, editable y con respaldo estático.","Mostrar por qué fuerza no determina movimiento","","Equipo docente","UCASAL","Producción propia; uso institucional","2026-08-10","units\unit_06\assets\generated\diagrams\U06-DG-012\u06_dg_012_master.svg","approved","Producción propia UCASAL.","PPTX editable, SVG/PNG y fuente estructural en la carpeta del asset. Estado del plan: approved."
"U06-DG-013","06","U06-025","generated_diagram","Separar presión acústica y estática","diagrama conceptual · comparación temporal propio, editable y con respaldo estático.","Separar presión acústica y estática","","Equipo docente","UCASAL","Producción propia; uso institucional","2026-08-10","units\unit_06\assets\generated\diagrams\U06-DG-013\u06_dg_013_master.svg","approved","Producción propia UCASAL.","PPTX editable, SVG/PNG y fuente estructural en la carpeta del asset. Estado del plan: approved."
"U06-DG-016","06","U06-030","generated_diagram","Dar intuición de desadaptación aire–fluido","diagrama conceptual · interfaz propio, editable y con respaldo estático.","Dar intuición de desadaptación aire–fluido","","Equipo docente","UCASAL","Producción propia; uso institucional","2026-08-10","units\unit_06\assets\generated\diagrams\U06-DG-016\u06_dg_016_master.svg","approved","Producción propia UCASAL.","PPTX editable, SVG/PNG y fuente estructural en la carpeta del asset. Estado del plan: approved."
"U06-DG-017","06","U06-031","generated_diagram","Ordenar área y palanca antes de ecuaciones","diagrama de proceso · proceso propio, editable y con respaldo estático.","Ordenar área y palanca antes de ecuaciones","","Equipo docente","UCASAL","Producción propia; uso institucional","2026-08-10","units\unit_06\assets\generated\diagrams\U06-DG-017\u06_dg_017_master.svg","approved","Producción propia UCASAL.","PPTX editable, SVG/PNG y fuente estructural en la carpeta del asset. Estado del plan: approved."
"U06-DG-019","06","U06-033","generated_diagram","Mostrar intercambio fuerza–desplazamiento","diagrama conceptual · palanca propio, editable y con respaldo estático.","Mostrar intercambio fuerza–desplazamiento","","Equipo docente","UCASAL","Producción propia; uso institucional","2026-08-10","units\unit_06\assets\generated\diagrams\U06-DG-019\u06_dg_019_master.svg","approved","Producción propia UCASAL.","PPTX editable, SVG/PNG y fuente estructural en la carpeta del asset. Estado del plan: approved."
"U06-DG-021","06","U06-035","generated_diagram","Corregir presión≠energía","diagrama conceptual · balance propio, editable y con respaldo estático.","Corregir presión≠energía","","Equipo docente","UCASAL","Producción propia; uso institucional","2026-08-10","units\unit_06\assets\generated\diagrams\U06-DG-021\u06_dg_021_master.svg","approved","Producción propia UCASAL.","PPTX editable, SVG/PNG y fuente estructural en la carpeta del asset. Estado del plan: approved."
"U06-DG-022","06","U06-037","generated_diagram","Separar razón en dB y dB SPL","ecuación anotada · comparación propio, editable y con respaldo estático.","Separar razón en dB y dB SPL","","Equipo docente","UCASAL","Producción propia; uso institucional","2026-08-10","units\unit_06\assets\generated\diagrams\U06-DG-022\u06_dg_022_master.svg","approved","Producción propia UCASAL.","PPTX editable, SVG/PNG y fuente estructural en la carpeta del asset. Estado del plan: approved."
"U06-DG-023","06","U06-038–039","generated_diagram","Explicar reflejo y límite temporal","diagrama de proceso · proceso/timeline propio, editable y con respaldo estático.","Explicar reflejo y límite temporal","","Equipo docente","UCASAL","Producción propia; uso institucional","2026-08-10","units\unit_06\assets\generated\diagrams\U06-DG-023\u06_dg_023_master.svg","approved","Producción propia UCASAL.","PPTX editable, SVG/PNG y fuente estructural en la carpeta del asset. Estado del plan: approved."
"U06-DG-024","06","U06-041–042, 048","generated_diagram","Contrastar vía aérea y ósea y mostrar convergencia","diagrama conceptual · comparación/rutas propio, editable y con respaldo estático.","Contrastar vía aérea y ósea y mostrar convergencia","","Equipo docente","UCASAL","Producción propia; uso institucional","2026-08-10","units\unit_06\assets\generated\diagrams\U06-DG-024\u06_dg_024_master.svg","approved","Producción propia UCASAL.","PPTX editable, SVG/PNG y fuente estructural en la carpeta del asset. Estado del plan: approved."
"U06-DG-025","06","U06-043","generated_diagram","Introducir cinco contribuciones de conducción ósea","diagrama conceptual · mapa de mecanismos propio, editable y con respaldo estático.","Introducir cinco contribuciones de conducción ósea","","Equipo docente","UCASAL","Producción propia; uso institucional","2026-08-10","units\unit_06\assets\generated\diagrams\U06-DG-025\u06_dg_025_master.svg","approved","Producción propia UCASAL.","PPTX editable, SVG/PNG y fuente estructural en la carpeta del asset. Estado del plan: approved."
"U06-DG-026","06","U06-044, 113","generated_diagram","Mostrar radiación al CAE y preservar detalle de cinco mecanismos","diagrama conceptual · mecanismo/ampliación propio, editable y con respaldo estático.","Mostrar radiación al CAE y preservar detalle de cinco mecanismos","","Equipo docente","UCASAL","Producción propia; uso institucional","2026-08-10","units\unit_06\assets\generated\diagrams\U06-DG-026\u06_dg_026_master.svg","approved","Producción propia UCASAL.","PPTX editable, SVG/PNG y fuente estructural en la carpeta del asset. Estado del plan: approved."
"U06-DG-026B","06","U06-044, 113","generated_diagram","Mostrar radiación al CAE y preservar detalle de cinco mecanismos","diagrama conceptual · mecanismo/ampliación propio, editable y con respaldo estático.","Mostrar radiación al CAE y preservar detalle de cinco mecanismos","","Equipo docente","UCASAL","Producción propia; uso institucional","2026-08-10","units\unit_06\assets\generated\diagrams\U06-DG-026B\u06_dg_026b_master.svg","approved","Producción propia UCASAL.","PPTX editable, SVG/PNG y fuente estructural en la carpeta del asset. Estado del plan: approved."
"U06-DG-027","06","U06-045","generated_diagram","Comparar inercia osicular y de fluidos","diagrama conceptual · comparación propio, editable y con respaldo estático.","Comparar inercia osicular y de fluidos","","Equipo docente","UCASAL","Producción propia; uso institucional","2026-08-10","units\unit_06\assets\generated\diagrams\U06-DG-027\u06_dg_027_master.svg","approved","Producción propia UCASAL.","PPTX editable, SVG/PNG y fuente estructural en la carpeta del asset. Estado del plan: approved."
"U06-DG-028","06","U06-046","generated_diagram","Mostrar deformación de cápsula y tejidos blandos","diagrama conceptual · comparación propio, editable y con respaldo estático.","Mostrar deformación de cápsula y tejidos blandos","","Equipo docente","UCASAL","Producción propia; uso institucional","2026-08-10","units\unit_06\assets\generated\diagrams\U06-DG-028\u06_dg_028_master.svg","approved","Producción propia UCASAL.","PPTX editable, SVG/PNG y fuente estructural en la carpeta del asset. Estado del plan: approved."
"U06-DG-030","06","U06-050, 059","generated_diagram","Explicar ventanas complementarias y caso de frontera","diagrama de proceso · hidromecánica propio, editable y con respaldo estático.","Explicar ventanas complementarias y caso de frontera","","Equipo docente","UCASAL","Producción propia; uso institucional","2026-08-10","units\unit_06\assets\generated\diagrams\U06-DG-030\u06_dg_030_master.svg","approved","Producción propia UCASAL.","PPTX editable, SVG/PNG y fuente estructural en la carpeta del asset. Estado del plan: approved."
"U06-DG-031","06","U06-051, 058","generated_diagram","Orientar base, ápex y helicotrema","diagrama conceptual · vista longitudinal propio, editable y con respaldo estático.","Orientar base, ápex y helicotrema","","Equipo docente","UCASAL","Producción propia; uso institucional","2026-08-10","units\unit_06\assets\generated\diagrams\U06-DG-031\u06_dg_031_master.svg","approved","Producción propia UCASAL.","PPTX editable, SVG/PNG y fuente estructural en la carpeta del asset. Estado del plan: approved."
"U06-DG-033","06","U06-053","generated_diagram","Asociar perilinfa/endolinfa con compartimentos","diagrama conceptual · mapa de fluidos propio, editable y con respaldo estático.","Asociar perilinfa/endolinfa con compartimentos","","Equipo docente","UCASAL","Producción propia; uso institucional","2026-08-10","units\unit_06\assets\generated\diagrams\U06-DG-033\u06_dg_033_master.svg","approved","Producción propia UCASAL.","PPTX editable, SVG/PNG y fuente estructural en la carpeta del asset. Estado del plan: approved."
"U06-DG-037","06","U06-060","generated_diagram","Integrar vista longitudinal y transversal","diagrama conceptual · recap espacial propio, editable y con respaldo estático.","Integrar vista longitudinal y transversal","","Equipo docente","UCASAL","Producción propia; uso institucional","2026-08-10","units\unit_06\assets\generated\diagrams\U06-DG-037\u06_dg_037_master.svg","approved","Producción propia UCASAL.","PPTX editable, SVG/PNG y fuente estructural en la carpeta del asset. Estado del plan: approved."
"U06-DG-038","06","U06-062","generated_diagram","Alternativa estática de oscilación/onda","diagrama conceptual · storyboard temporal propio, editable y con respaldo estático.","Alternativa estática de oscilación/onda","","Equipo docente","UCASAL","Producción propia; uso institucional","2026-08-10","units\unit_06\assets\generated\diagrams\U06-DG-038\u06_dg_038_master.svg","approved","Producción propia UCASAL.","PPTX editable, SVG/PNG y fuente estructural en la carpeta del asset. Estado del plan: approved."
"U06-DG-039","06","U06-063","generated_diagram","Mostrar crecimiento, máximo y decaimiento","diagrama de proceso · proceso espacial propio, editable y con respaldo estático.","Mostrar crecimiento, máximo y decaimiento","","Equipo docente","UCASAL","Producción propia; uso institucional","2026-08-10","units\unit_06\assets\generated\diagrams\U06-DG-039\u06_dg_039_master.svg","approved","Producción propia UCASAL.","PPTX editable, SVG/PNG y fuente estructural en la carpeta del asset. Estado del plan: approved."
"U06-DG-040","06","U06-065","generated_diagram","Diferenciar lugar característico y tonotopía","diagrama conceptual · comparación propio, editable y con respaldo estático.","Diferenciar lugar característico y tonotopía","","Equipo docente","UCASAL","Producción propia; uso institucional","2026-08-10","units\unit_06\assets\generated\diagrams\U06-DG-040\u06_dg_040_master.svg","approved","Producción propia UCASAL.","PPTX editable, SVG/PNG y fuente estructural en la carpeta del asset. Estado del plan: approved."
"U06-DG-042","06","U06-074","generated_diagram","Mostrar movimiento relativo como fallback de animación","diagrama conceptual · dos estados propio, editable y con respaldo estático.","Mostrar movimiento relativo como fallback de animación","","Equipo docente","UCASAL","Producción propia; uso institucional","2026-08-10","units\unit_06\assets\generated\diagrams\U06-DG-042\u06_dg_042_master.svg","approved","Producción propia UCASAL.","PPTX editable, SVG/PNG y fuente estructural en la carpeta del asset. Estado del plan: approved."
"U06-DG-043","06","U06-075","generated_diagram","Mostrar polaridad del haz","diagrama conceptual · tres estados propio, editable y con respaldo estático.","Mostrar polaridad del haz","","Equipo docente","UCASAL","Producción propia; uso institucional","2026-08-10","units\unit_06\assets\generated\diagrams\U06-DG-043\u06_dg_043_master.svg","approved","Producción propia UCASAL.","PPTX editable, SVG/PNG y fuente estructural en la carpeta del asset. Estado del plan: approved."
"U06-DG-044","06","U06-076, 079, 081","generated_diagram","Comparar tramo común y funciones CCI/CCE","diagrama de proceso · bifurcación acumulativa propio, editable y con respaldo estático.","Comparar tramo común y funciones CCI/CCE","","Equipo docente","UCASAL","Producción propia; uso institucional","2026-08-10","units\unit_06\assets\generated\diagrams\U06-DG-044\u06_dg_044_master.svg","approved","Producción propia UCASAL.","PPTX editable, SVG/PNG y fuente estructural en la carpeta del asset. Estado del plan: approved."
"U06-DG-045","06","U06-077","generated_diagram","Seguir CCI hasta fibra","diagrama de proceso · proceso aferente propio, editable y con respaldo estático.","Seguir CCI hasta fibra","","Equipo docente","UCASAL","Producción propia; uso institucional","2026-08-10","units\unit_06\assets\generated\diagrams\U06-DG-045\u06_dg_045_master.svg","approved","Producción propia UCASAL.","PPTX editable, SVG/PNG y fuente estructural en la carpeta del asset. Estado del plan: approved."
"U06-DG-046","06","U06-078","generated_diagram","Explicar realimentación mecánica de CCE","diagrama de proceso · feedback propio, editable y con respaldo estático.","Explicar realimentación mecánica de CCE","","Equipo docente","UCASAL","Producción propia; uso institucional","2026-08-10","units\unit_06\assets\generated\diagrams\U06-DG-046\u06_dg_046_master.svg","approved","Producción propia UCASAL.","PPTX editable, SVG/PNG y fuente estructural en la carpeta del asset. Estado del plan: approved."
"U06-DG-047","06","U06-080","generated_diagram","Explicar cadena de OEA","diagrama de proceso · ida/vuelta propio, editable y con respaldo estático.","Explicar cadena de OEA","","Equipo docente","UCASAL","Producción propia; uso institucional","2026-08-10","units\unit_06\assets\generated\diagrams\U06-DG-047\u06_dg_047_master.svg","approved","Producción propia UCASAL.","PPTX editable, SVG/PNG y fuente estructural en la carpeta del asset. Estado del plan: approved."
"U06-DG-048","06","U06-083","generated_diagram","Ordenar cuatro potenciales","diagrama conceptual · mapa conceptual propio, editable y con respaldo estático.","Ordenar cuatro potenciales","","Equipo docente","UCASAL","Producción propia; uso institucional","2026-08-10","units\unit_06\assets\generated\diagrams\U06-DG-048\u06_dg_048_master.svg","approved","Producción propia UCASAL.","PPTX editable, SVG/PNG y fuente estructural en la carpeta del asset. Estado del plan: approved."
"U06-DG-049","06","U06-084","generated_diagram","Ubicar potencial endococlear y referencia","diagrama conceptual · corte eléctrico propio, editable y con respaldo estático.","Ubicar potencial endococlear y referencia","","Equipo docente","UCASAL","Producción propia; uso institucional","2026-08-10","units\unit_06\assets\generated\diagrams\U06-DG-049\u06_dg_049_master.svg","approved","Producción propia UCASAL.","PPTX editable, SVG/PNG y fuente estructural en la carpeta del asset. Estado del plan: approved."
"U06-DG-051","06","U06-086","generated_diagram","Separar potencial receptor y de acción","diagrama conceptual · comparación de señales propio, editable y con respaldo estático.","Separar potencial receptor y de acción","","Equipo docente","UCASAL","Producción propia; uso institucional","2026-08-10","units\unit_06\assets\generated\diagrams\U06-DG-051\u06_dg_051_master.svg","approved","Producción propia UCASAL.","PPTX editable, SVG/PNG y fuente estructural en la carpeta del asset. Estado del plan: approved."
"U06-DG-052","06","U06-087","generated_diagram","Mostrar *tip link* como enlace, no canal","diagrama conceptual · ampliación anatómica propio, editable y con respaldo estático.","Mostrar *tip link* como enlace, no canal","","Equipo docente","UCASAL","Producción propia; uso institucional","2026-08-10","units\unit_06\assets\generated\diagrams\U06-DG-052\u06_dg_052_master.svg","approved","Producción propia UCASAL.","PPTX editable, SVG/PNG y fuente estructural en la carpeta del asset. Estado del plan: approved."
"U06-DG-053","06","U06-088, 114","generated_diagram","Mostrar gating y corriente de K⁺","diagrama conceptual · estados/electroquímica propio, editable y con respaldo estático.","Mostrar gating y corriente de K⁺","","Equipo docente","UCASAL","Producción propia; uso institucional","2026-08-10","units\unit_06\assets\generated\diagrams\U06-DG-053\u06_dg_053_master.svg","approved","Producción propia UCASAL.","PPTX editable, SVG/PNG y fuente estructural en la carpeta del asset. Estado del plan: approved (maestro) / detail_pending (respaldo B)."
"U06-DG-054","06","U06-089, 114","generated_diagram","Conectar despolarización, Ca²⁺, glutamato y fibra","diagrama de proceso · sinapsis propio, editable y con respaldo estático.","Conectar despolarización, Ca²⁺, glutamato y fibra","","Equipo docente","UCASAL","Producción propia; uso institucional","2026-08-10","units\unit_06\assets\generated\diagrams\U06-DG-054\u06_dg_054_master.svg","approved","Producción propia UCASAL.","PPTX editable, SVG/PNG y fuente estructural en la carpeta del asset. Estado del plan: approved (maestro) / detail_pending (respaldo B)."
"U06-DG-055","06","U06-090, 092","generated_diagram","Integrar movimiento→potencial receptor","diagrama de proceso · proceso/actividad propio, editable y con respaldo estático.","Integrar movimiento→potencial receptor","","Equipo docente","UCASAL","Producción propia; uso institucional","2026-08-10","units\unit_06\assets\generated\diagrams\U06-DG-055\u06_dg_055_master.svg","approved","Producción propia UCASAL.","PPTX editable, SVG/PNG y fuente estructural en la carpeta del asset. Estado del plan: approved."
"U06-DG-056","06","U06-091–092","generated_diagram","Integrar receptor→señal neural","diagrama de proceso · proceso/actividad propio, editable y con respaldo estático.","Integrar receptor→señal neural","","Equipo docente","UCASAL","Producción propia; uso institucional","2026-08-10","units\unit_06\assets\generated\diagrams\U06-DG-056\u06_dg_056_master.svg","approved","Producción propia UCASAL.","PPTX editable, SVG/PNG y fuente estructural en la carpeta del asset. Estado del plan: approved."
"U06-DG-057","06","U06-093","generated_diagram","Reunir potenciales y cadena causal","diagrama conceptual · recap acumulativo propio, editable y con respaldo estático.","Reunir potenciales y cadena causal","","Equipo docente","UCASAL","Producción propia; uso institucional","2026-08-10","units\unit_06\assets\generated\diagrams\U06-DG-057\u06_dg_057_master.svg","approved","Producción propia UCASAL.","PPTX editable, SVG/PNG y fuente estructural en la carpeta del asset. Estado del plan: approved."
"U06-DG-058","06","U06-095, 097","generated_diagram","Conectar firma espacial con población y separar frecuencia/*pitch*","esquema mixto · chart+map/comparison propio, editable y con respaldo estático.","Conectar firma espacial con población y separar frecuencia/*pitch*","","Equipo docente","UCASAL","Producción propia; uso institucional","2026-08-10","units\unit_06\assets\generated\diagrams\U06-DG-058\u06_dg_058_master.svg","approved","Producción propia UCASAL.","PPTX editable, SVG/PNG y fuente estructural en la carpeta del asset. Estado del plan: approved."
"U06-DG-058B","06","U06-095, 097","generated_diagram","Conectar firma espacial con población y separar frecuencia/*pitch*","esquema mixto · chart+map/comparison propio, editable y con respaldo estático.","Conectar firma espacial con población y separar frecuencia/*pitch*","","Equipo docente","UCASAL","Producción propia; uso institucional","2026-08-10","units\unit_06\assets\generated\diagrams\U06-DG-058B\u06_dg_058b_master.svg","approved","Producción propia UCASAL.","PPTX editable, SVG/PNG y fuente estructural en la carpeta del asset. Estado del plan: approved."
"U06-DG-059","06","U06-098–099","generated_diagram","Conectar nivel, respuesta y sonoridad","esquema mixto · chart+comparison propio, editable y con respaldo estático.","Conectar nivel, respuesta y sonoridad","","Equipo docente","UCASAL","Producción propia; uso institucional","2026-08-10","units\unit_06\assets\generated\diagrams\U06-DG-059\u06_dg_059_master.svg","approved","Producción propia UCASAL.","PPTX editable, SVG/PNG y fuente estructural en la carpeta del asset. Estado del plan: approved."
"U06-DG-059B","06","U06-098–099","generated_diagram","Conectar nivel, respuesta y sonoridad","esquema mixto · chart+comparison propio, editable y con respaldo estático.","Conectar nivel, respuesta y sonoridad","","Equipo docente","UCASAL","Producción propia; uso institucional","2026-08-10","units\unit_06\assets\generated\diagrams\U06-DG-059B\u06_dg_059b_master.svg","approved","Producción propia UCASAL.","PPTX editable, SVG/PNG y fuente estructural en la carpeta del asset. Estado del plan: approved."
"U06-DG-060","06","U06-100","generated_diagram","Mostrar qué tramo observa cada prueba","diagrama conceptual · ventanas de observación propio, editable y con respaldo estático.","Mostrar qué tramo observa cada prueba","","Equipo docente","UCASAL","Producción propia; uso institucional","2026-08-10","units\unit_06\assets\generated\diagrams\U06-DG-060\u06_dg_060_master.svg","approved","Producción propia UCASAL.","PPTX editable, SVG/PNG y fuente estructural en la carpeta del asset. Estado del plan: approved."
"U06-DG-062","06","U06-102","generated_diagram","Preguntar qué cambia entre 40/70 dB SPL a 2 kHz","diagrama conceptual · caso comparativo propio, editable y con respaldo estático.","Preguntar qué cambia entre 40/70 dB SPL a 2 kHz","","Equipo docente","UCASAL","Producción propia; uso institucional","2026-08-10","units\unit_06\assets\generated\diagrams\U06-DG-062\u06_dg_062_master.svg","approved","Producción propia UCASAL.","PPTX editable, SVG/PNG y fuente estructural en la carpeta del asset. Estado del plan: approved."
"U06-DG-063","06","U06-103","generated_diagram","Modelar una explicación causal completa","diagrama de proceso · resolución acumulativa propio, editable y con respaldo estático.","Modelar una explicación causal completa","","Equipo docente","UCASAL","Producción propia; uso institucional","2026-08-10","units\unit_06\assets\generated\diagrams\U06-DG-063\u06_dg_063_master.svg","approved","Producción propia UCASAL.","PPTX editable, SVG/PNG y fuente estructural en la carpeta del asset. Estado del plan: approved."
"U06-DG-064","06","U06-104","generated_diagram","Organizar diez ideas en cuatro zonas","diagrama conceptual · mapa final propio, editable y con respaldo estático.","Organizar diez ideas en cuatro zonas","","Equipo docente","UCASAL","Producción propia; uso institucional","2026-08-10","units\unit_06\assets\generated\diagrams\U06-DG-064\u06_dg_064_master.svg","approved","Producción propia UCASAL.","PPTX editable, SVG/PNG y fuente estructural en la carpeta del asset. Estado del plan: approved."
