t_ms,temporal,x_m,spatial
0.0,0.7071067811865476,0.0,0.7071067811865476
0.01,0.6959127965923143,0.0034000000000000002,0.7181262977631889
0.02,0.6845471059286886,0.0068000000000000005,0.7289686274214116
0.03,0.6730125135097734,0.0102,0.7396310949786097
0.04,0.6613118653236519,0.013600000000000001,0.7501110696304596
0.05,0.6494480483301837,0.017,0.7604059656000309
0.06,0.6374239897486897,0.0204,0.7705132427757893
0.07,0.6252426563357052,0.0238,0.7804304073383298
0.08,0.6129070536529766,0.027200000000000002,0.7901550123756904
0.09,0.6004202253258841,0.030600000000000002,0.7996846584870906
0.1,0.5877852522924731,0.034,0.8090169943749475
0.11,0.5750052520432786,0.0374,0.8181497174250235
0.12,0.5620833778521306,0.0408,0.8270805742745618
0.13,0.5490228179981318,0.0442,0.8358073613682703
0.14,0.5358267949789965,0.0476,0.8443279255020151
0.15,0.5224985647159489,0.051000000000000004,0.8526401643540923
0.16,0.5090414157503714,0.054400000000000004,0.8607420270039436
0.17,0.49545866843240755,0.057800000000000004,0.8686315144381913
0.18,0.4817536741017153,0.061200000000000004,0.8763066800438636
0.19,0.46792981426057334,0.0646,0.8837656300886935
0.2,0.4539904997395468,0.068,0.8910065241883679
0.21,0.43993916985591525,0.0714,0.8980275757606156
0.22,0.42577929156507266,0.0748,0.9048270524660196
0.23,0.4115143586051089,0.0782,0.9114032766354453
0.24,0.39714789063478056,0.0816,0.9177546256839811
0.25,0.38268343236508984,0.085,0.9238795325112867
0.26,0.3681245526846781,0.0884,0.9297764858882513
0.27,0.35347484377925714,0.0918,0.9354440308298674
0.28,0.3387379202452915,0.0952,0.9408807689542255
0.29,0.32391741819814956,0.09860000000000001,0.9460853588275453
0.3,0.30901699437494745,0.10200000000000001,0.9510565162951535
0.31,0.2940403252323041,0.10540000000000001,0.9557930147983301
0.32,0.2789911060392293,0.10880000000000001,0.9602936856769431
0.33,0.263873049965373,0.11220000000000001,0.9645574184577981
0.34,0.24868988716485474,0.11560000000000001,0.9685831611286311
0.35000000000000003,0.23344536385590547,0.11900000000000001,0.9723699203976766
0.36,0.2181432413965427,0.12240000000000001,0.9759167619387474
0.37,0.20278729535651271,0.12580000000000002,0.9792228106217657
0.38,0.18738131458572452,0.1292,0.9822872507286887
0.39,0.17192910027940952,0.1326,0.9851093261547739
0.4,0.15643446504023092,0.136,0.9876883405951378
0.41000000000000003,0.1409012319375828,0.13940000000000002,0.9900236577165575
0.42,0.12533323356430448,0.1428,0.9921147013144779
0.43,0.10973431109104537,0.1462,0.9939609554551797
0.44,0.09410831331851428,0.1496,0.99556196460308
0.45,0.078459095727845,0.15300000000000002,0.996917333733128
0.46,0.06279051952931353,0.1564,0.9980267284282716
0.47000000000000003,0.04710645070964268,0.1598,0.99888987496197
0.48,0.031410759078128396,0.1632,0.9995065603657316
0.49,0.01570731731182087,0.16660000000000003,0.9998766324816606
0.5,6.123233995736766e-17,0.17,1.0
0.51,-0.015707317311820526,0.1734,0.9998766324816606
0.52,-0.031410759078128056,0.1768,0.9995065603657316
0.53,-0.047106450709642776,0.18020000000000003,0.99888987496197
0.54,-0.0627905195293134,0.1836,0.9980267284282716
0.55,-0.07845909572784487,0.187,0.996917333733128
0.56,-0.09410831331851416,0.1904,0.99556196460308
0.5700000000000001,-0.10973431109104524,0.19380000000000003,0.9939609554551797
0.58,-0.12533323356430393,0.19720000000000001,0.9921147013144779
0.59,-0.1409012319375827,0.2006,0.9900236577165575
0.6,-0.1564344650402308,0.20400000000000001,0.9876883405951378
0.61,-0.17192910027940939,0.20740000000000003,0.9851093261547739
0.62,-0.18738131458572438,0.21080000000000002,0.9822872507286887
0.63,-0.20278729535651238,0.2142,0.9792228106217659
0.64,-0.21814324139654256,0.21760000000000002,0.9759167619387474
0.65,-0.23344536385590534,0.22100000000000003,0.9723699203976766
0.66,-0.24868988716485463,0.22440000000000002,0.9685831611286312
0.67,-0.26387304996537286,0.2278,0.9645574184577981
0.68,-0.27899110603922916,0.23120000000000002,0.9602936856769431
0.6900000000000001,-0.29404032523230395,0.23460000000000003,0.9557930147983301
0.7000000000000001,-0.30901699437494756,0.23800000000000002,0.9510565162951535
0.71,-0.3239174181981493,0.2414,0.9460853588275453
0.72,-0.33873792024529115,0.24480000000000002,0.9408807689542255
0.73,-0.35347484377925703,0.24820000000000003,0.9354440308298674
0.74,-0.36812455268467775,0.25160000000000005,0.9297764858882513
0.75,-0.3826834323650897,0.255,0.9238795325112867
0.76,-0.3971478906347807,0.2584,0.9177546256839811
0.77,-0.41151435860510854,0.26180000000000003,0.9114032766354453
0.78,-0.4257792915650727,0.2652,0.9048270524660196
0.79,-0.43993916985591514,0.2686,0.8980275757606156
0.8,-0.45399049973954675,0.272,0.8910065241883679
0.81,-0.46792981426057323,0.27540000000000003,0.8837656300886935
0.8200000000000001,-0.48175367410171505,0.27880000000000005,0.8763066800438635
0.8300000000000001,-0.4954586684324072,0.2822,0.8686315144381913
0.84,-0.5090414157503709,0.2856,0.8607420270039438
0.85,-0.5224985647159488,0.28900000000000003,0.8526401643540921
0.86,-0.5358267949789964,0.2924,0.8443279255020152
0.87,-0.5490228179981316,0.2958,0.8358073613682704
0.88,-0.5620833778521307,0.2992,0.8270805742745618
0.89,-0.5750052520432786,0.30260000000000004,0.8181497174250234
0.9,-0.587785252292473,0.30600000000000005,0.8090169943749473
0.91,-0.6004202253258839,0.3094,0.7996846584870906
0.92,-0.6129070536529763,0.3128,0.7901550123756904
0.93,-0.6252426563357049,0.31620000000000004,0.7804304073383296
0.9400000000000001,-0.6374239897486897,0.3196,0.7705132427757894
0.9500000000000001,-0.6494480483301835,0.323,0.760405965600031
0.96,-0.6613118653236517,0.3264,0.7501110696304596
0.97,-0.6730125135097734,0.32980000000000004,0.7396310949786096
0.98,-0.6845471059286884,0.33320000000000005,0.7289686274214114
0.99,-0.6959127965923143,0.3366,0.7181262977631889
1.0,-0.7071067811865475,0.34,0.7071067811865474
1.01,-0.7181262977631887,0.34340000000000004,0.6959127965923144
1.02,-0.7289686274214113,0.3468,0.6845471059286888
1.03,-0.7396310949786095,0.3502,0.6730125135097732
1.04,-0.7501110696304593,0.3536,0.6613118653236519
1.05,-0.7604059656000309,0.35700000000000004,0.6494480483301835
1.06,-0.7705132427757894,0.36040000000000005,0.6374239897486896
1.07,-0.7804304073383298,0.3638,0.6252426563357053
1.08,-0.7901550123756904,0.3672,0.6129070536529764
1.09,-0.7996846584870905,0.37060000000000004,0.6004202253258841
1.1,-0.8090169943749473,0.374,0.5877852522924734
1.11,-0.8181497174250233,0.3774,0.5750052520432785
1.12,-0.8270805742745616,0.3808,0.5620833778521308
1.1300000000000001,-0.83580736136827,0.38420000000000004,0.5490228179981316
1.1400000000000001,-0.8443279255020151,0.38760000000000006,0.5358267949789968
1.1500000000000001,-0.8526401643540924,0.391,0.5224985647159491
1.16,-0.8607420270039433,0.39440000000000003,0.5090414157503712
1.17,-0.8686315144381911,0.39780000000000004,0.4954586684324077
1.18,-0.8763066800438636,0.4012,0.48175367410171555
1.19,-0.8837656300886935,0.4046,0.46792981426057334
1.2,-0.8910065241883678,0.40800000000000003,0.453990499739547
1.21,-0.8980275757606155,0.41140000000000004,0.4399391698559151
1.22,-0.9048270524660194,0.41480000000000006,0.42577929156507244
1.23,-0.9114032766354451,0.4182,0.41151435860510904
1.24,-0.9177546256839809,0.42160000000000003,0.39714789063478056
1.25,-0.9238795325112865,0.42500000000000004,0.3826834323650896
1.26,-0.9297764858882513,0.4284,0.3681245526846783
1.27,-0.9354440308298674,0.4318,0.3534748437792573
1.28,-0.9408807689542255,0.43520000000000003,0.33873792024529126
1.29,-0.9460853588275452,0.43860000000000005,0.3239174181981494
1.3,-0.9510565162951535,0.44200000000000006,0.30901699437494745
1.31,-0.9557930147983301,0.4454,0.2940403252323041
1.32,-0.960293685676943,0.44880000000000003,0.2789911060392295
1.33,-0.9645574184577981,0.45220000000000005,0.26387304996537275
1.34,-0.9685831611286311,0.4556,0.24868988716485474
1.35,-0.9723699203976766,0.459,0.23344536385590547
1.36,-0.9759167619387473,0.46240000000000003,0.2181432413965427
1.37,-0.9792228106217657,0.46580000000000005,0.20278729535651271
1.3800000000000001,-0.9822872507286887,0.46920000000000006,0.18738131458572452
1.3900000000000001,-0.9851093261547739,0.4726,0.17192910027940952
1.4000000000000001,-0.9876883405951378,0.47600000000000003,0.15643446504023092
1.41,-0.9900236577165574,0.47940000000000005,0.1409012319375828
1.42,-0.9921147013144778,0.4828,0.12533323356430448
1.43,-0.9939609554551796,0.4862,0.10973431109104559
1.44,-0.99556196460308,0.48960000000000004,0.09410831331851428
1.45,-0.996917333733128,0.49300000000000005,0.078459095727845
1.46,-0.9980267284282716,0.49640000000000006,0.06279051952931353
1.47,-0.9988898749619699,0.4998,0.0471064507096429
1.48,-0.9995065603657316,0.5032000000000001,0.031410759078128174
1.49,-0.9998766324816606,0.5066,0.015707317311820648
1.5,-1.0,0.51,6.123233995736766e-17
1.51,-0.9998766324816606,0.5134000000000001,-0.015707317311820526
1.52,-0.9995065603657316,0.5168,-0.031410759078128056
1.53,-0.99888987496197,0.5202,-0.04710645070964233
1.54,-0.9980267284282716,0.5236000000000001,-0.0627905195293134
1.55,-0.996917333733128,0.527,-0.07845909572784487
1.56,-0.99556196460308,0.5304,-0.09410831331851416
1.57,-0.9939609554551797,0.5338,-0.10973431109104502
1.58,-0.9921147013144779,0.5372,-0.12533323356430393
1.59,-0.9900236577165576,0.5406000000000001,-0.1409012319375827
1.6,-0.9876883405951378,0.544,-0.1564344650402308
1.61,-0.985109326154774,0.5474,-0.17192910027940939
1.62,-0.9822872507286887,0.5508000000000001,-0.18738131458572438
1.6300000000000001,-0.9792228106217657,0.5542,-0.20278729535651216
1.6400000000000001,-0.9759167619387474,0.5576000000000001,-0.218143241396543
1.6500000000000001,-0.9723699203976767,0.561,-0.23344536385590534
1.6600000000000001,-0.9685831611286312,0.5644,-0.24868988716485463
1.67,-0.9645574184577982,0.5678000000000001,-0.2638730499653731
1.68,-0.9602936856769432,0.5712,-0.27899110603922894
1.69,-0.9557930147983301,0.5746,-0.29404032523230356
1.7,-0.9510565162951536,0.5780000000000001,-0.3090169943749478
1.71,-0.9460853588275455,0.5814,-0.3239174181981493
1.72,-0.9408807689542256,0.5848,-0.33873792024529115
1.73,-0.9354440308298675,0.5882000000000001,-0.3534748437792572
1.74,-0.9297764858882516,0.5916,-0.3681245526846776
1.75,-0.9238795325112868,0.5950000000000001,-0.3826834323650901
1.76,-0.9177546256839813,0.5984,-0.39714789063478045
1.77,-0.9114032766354454,0.6018,-0.41151435860510854
1.78,-0.9048270524660197,0.6052000000000001,-0.4257792915650727
1.79,-0.8980275757606159,0.6086,-0.43993916985591514
1.8,-0.8910065241883679,0.6120000000000001,-0.45399049973954714
1.81,-0.8837656300886936,0.6154000000000001,-0.4679298142605736
1.82,-0.8763066800438636,0.6188,-0.48175367410171505
1.83,-0.8686315144381914,0.6222000000000001,-0.4954586684324076
1.84,-0.8607420270039439,0.6256,-0.5090414157503713
1.85,-0.8526401643540923,0.629,-0.5224985647159488
1.86,-0.8443279255020152,0.6324000000000001,-0.5358267949789969
1.87,-0.8358073613682702,0.6358,-0.5490228179981316
1.8800000000000001,-0.8270805742745618,0.6392,-0.5620833778521304
1.8900000000000001,-0.8181497174250237,0.6426000000000001,-0.5750052520432786
1.9000000000000001,-0.8090169943749475,0.646,-0.5877852522924727
1.9100000000000001,-0.7996846584870907,0.6494000000000001,-0.6004202253258842
1.92,-0.7901550123756905,0.6528,-0.6129070536529763
1.93,-0.78043040733833,0.6562,-0.6252426563357049
1.94,-0.7705132427757893,0.6596000000000001,-0.6374239897486901
1.95,-0.7604059656000314,0.663,-0.6494480483301835
1.96,-0.75011106963046,0.6664000000000001,-0.661311865323652
1.97,-0.7396310949786099,0.6698000000000001,-0.6730125135097734
1.98,-0.7289686274214119,0.6732,-0.6845471059286884
1.99,-0.7181262977631889,0.6766000000000001,-0.6959127965923143
2.0,-0.7071067811865477,0.68,-0.7071067811865478
2.0100000000000002,-0.6959127965923145,0.6834,-0.7181262977631887
2.02,-0.684547105928689,0.6868000000000001,-0.7289686274214113
2.0300000000000002,-0.6730125135097733,0.6902,-0.7396310949786097
2.04,-0.6613118653236519,0.6936,-0.7501110696304593
2.05,-0.6494480483301841,0.6970000000000001,-0.7604059656000309
2.06,-0.6374239897486895,0.7004,-0.7705132427757894
2.07,-0.6252426563357057,0.7038000000000001,-0.7804304073383298
2.08,-0.6129070536529765,0.7072,-0.7901550123756902
2.09,-0.6004202253258848,0.7106,-0.7996846584870905
2.1,-0.5877852522924732,0.7140000000000001,-0.8090169943749477
2.11,-0.5750052520432788,0.7174,-0.8181497174250233
2.12,-0.5620833778521309,0.7208000000000001,-0.8270805742745619
2.13,-0.5490228179981328,0.7242000000000001,-0.8358073613682703
2.14,-0.5358267949789971,0.7276,-0.8443279255020149
2.15,-0.5224985647159494,0.7310000000000001,-0.8526401643540922
2.16,-0.5090414157503719,0.7344,-0.8607420270039438
2.17,-0.49545866843240743,0.7378,-0.8686315144381911
2.18,-0.48175367410171527,0.7412000000000001,-0.8763066800438635
2.19,-0.46792981426057345,0.7446,-0.8837656300886935
2.2,-0.4539904997395469,0.748,-0.8910065241883676
2.21,-0.43993916985591536,0.7514000000000001,-0.8980275757606155
2.22,-0.42577929156507216,0.7548,-0.9048270524660196
2.23,-0.41151435860510915,0.7582000000000001,-0.9114032766354453
2.24,-0.3971478906347803,0.7616,-0.9177546256839809
2.25,-0.38268343236509034,0.765,-0.9238795325112867
2.2600000000000002,-0.3681245526846778,0.7684000000000001,-0.9297764858882515
2.27,-0.35347484377925786,0.7718,-0.9354440308298673
2.2800000000000002,-0.33873792024529137,0.7752000000000001,-0.9408807689542253
2.29,-0.3239174181981495,0.7786000000000001,-0.9460853588275453
2.3000000000000003,-0.30901699437494756,0.782,-0.9510565162951534
2.31,-0.29404032523230506,0.7854000000000001,-0.9557930147983301
2.32,-0.2789911060392296,0.7888000000000001,-0.9602936856769431
2.33,-0.2638730499653733,0.7922,-0.964557418457798
2.34,-0.2486898871648553,0.7956000000000001,-0.968583161128631
2.35,-0.23344536385590514,0.799,-0.9723699203976766
2.36,-0.21814324139654323,0.8024,-0.9759167619387472
2.37,-0.20278729535651238,0.8058000000000001,-0.9792228106217657
2.38,-0.1873813145857255,0.8092,-0.9822872507286887
2.39,-0.17192910027940964,0.8126000000000001,-0.9851093261547739
2.4,-0.15643446504023192,0.8160000000000001,-0.9876883405951377
2.41,-0.14090123193758292,0.8194,-0.9900236577165575
2.42,-0.1253332335643046,0.8228000000000001,-0.9921147013144779
2.43,-0.10973431109104571,0.8262,-0.9939609554551796
2.44,-0.09410831331851485,0.8296000000000001,-0.9955619646030801
2.45,-0.07845909572784557,0.8330000000000001,-0.996917333733128
2.46,-0.06279051952931321,0.8364,-0.9980267284282716
2.47,-0.047106450709642575,0.8398000000000001,-0.99888987496197
2.48,-0.0314107590781283,0.8432000000000001,-0.9995065603657316
2.49,-0.01570731731182077,0.8466,-0.9998766324816606
2.5,-1.8369701987210297e-16,0.8500000000000001,-1.0
2.5100000000000002,0.0157073173118204,0.8534,-0.9998766324816606
2.52,0.03141075907812793,0.8568,-0.9995065603657316
2.5300000000000002,0.047106450709643095,0.8602000000000001,-0.99888987496197
2.54,0.06279051952931283,0.8636,-0.9980267284282716
2.5500000000000003,0.07845909572784521,0.8670000000000001,-0.996917333733128
2.56,0.09410831331851449,0.8704000000000001,-0.99556196460308
2.57,0.10973431109104446,0.8738,-0.9939609554551798
2.58,0.12533323356430334,0.8772000000000001,-0.9921147013144779
2.59,0.1409012319375817,0.8806,-0.9900236577165575
2.6,0.15643446504023067,0.8840000000000001,-0.9876883405951378
2.61,0.1719291002794084,0.8874000000000001,-0.985109326154774
2.62,0.18738131458572427,0.8908,-0.9822872507286887
2.63,0.20278729535651202,0.8942000000000001,-0.9792228106217656
2.64,0.218143241396542,0.8976000000000001,-0.9759167619387475
2.65,0.23344536385590478,0.901,-0.9723699203976766
2.66,0.24868988716485493,0.9044000000000001,-0.9685831611286311
2.67,0.263873049965373,0.9078,-0.9645574184577983
2.68,0.2789911060392292,0.9112,-0.9602936856769431
2.69,0.29404032523230383,0.9146000000000001,-0.9557930147983301
2.7,0.30901699437494723,0.918,-0.9510565162951536
2.71,0.3239174181981483,0.9214000000000001,-0.9460853588275454
2.72,0.33873792024529104,0.9248000000000001,-0.9408807689542256
2.73,0.3534748437792567,0.9282,-0.9354440308298675
2.74,0.3681245526846774,0.9316000000000001,-0.9297764858882516
2.75,0.38268343236508917,0.935,-0.9238795325112866
2.7600000000000002,0.39714789063478073,0.9384000000000001,-0.917754625683981
2.77,0.4115143586051088,0.9418000000000001,-0.9114032766354452
2.7800000000000002,0.4257792915650726,0.9452,-0.9048270524660195
2.79,0.439939169855915,0.9486000000000001,-0.8980275757606156
2.8000000000000003,0.4539904997395474,0.9520000000000001,-0.8910065241883679
2.81,0.46792981426057234,0.9554,-0.8837656300886936
2.82,0.48175367410171416,0.9588000000000001,-0.8763066800438637
2.83,0.4954586684324071,0.9622,-0.8686315144381914
2.84,0.5090414157503708,0.9656,-0.8607420270039439
2.85,0.5224985647159484,0.9690000000000001,-0.8526401643540921
2.86,0.535826794978996,0.9724,-0.8443279255020154
2.87,0.5490228179981318,0.9758000000000001,-0.8358073613682702
2.88,0.5620833778521298,0.9792000000000001,-0.8270805742745618
2.89,0.5750052520432785,0.9826,-0.818149717425024
2.9,0.5877852522924729,0.9860000000000001,-0.8090169943749475
2.91,0.6004202253258838,0.9894000000000001,-0.7996846584870907
2.92,0.6129070536529762,0.9928000000000001,-0.7901550123756905
2.93,0.6252426563357055,0.9962000000000001,-0.7804304073383295
2.94,0.6374239897486893,0.9996,-0.7705132427757896
2.95,0.6494480483301832,1.0030000000000001,-0.7604059656000307
2.96,0.6613118653236513,1.0064000000000002,-0.7501110696304594
2.97,0.6730125135097733,1.0098,-0.7396310949786096
2.98,0.684547105928688,1.0132,-0.7289686274214116
2.99,0.6959127965923142,1.0166000000000002,-0.7181262977631889
3.0,0.7071067811865474,1.02,-0.7071067811865477
3.0100000000000002,0.7181262977631886,1.0234,-0.6959127965923145
3.02,0.7289686274214112,1.0268000000000002,-0.684547105928689
3.0300000000000002,0.73963109497861,1.0302,-0.6730125135097736
3.04,0.7501110696304598,1.0336,-0.6613118653236523
3.0500000000000003,0.760405965600031,1.0370000000000001,-0.6494480483301834
3.06,0.7705132427757888,1.0404,-0.6374239897486902
3.0700000000000003,0.7804304073383298,1.0438,-0.6252426563357051
3.08,0.7901550123756899,1.0472000000000001,-0.6129070536529765
3.09,0.7996846584870899,1.0506,-0.6004202253258848
3.1,0.8090169943749473,1.054,-0.5877852522924732
3.11,0.8181497174250233,1.0574000000000001,-0.5750052520432788
3.12,0.8270805742745616,1.0608,-0.5620833778521309
3.13,0.8358073613682699,1.0642,-0.5490228179981321
3.14,0.8443279255020152,1.0676,-0.5358267949789971
3.15,0.8526401643540918,1.0710000000000002,-0.5224985647159486
3.16,0.8607420270039438,1.0744,-0.5090414157503719
3.17,0.8686315144381909,1.0778,-0.49545866843240743
3.18,0.8763066800438631,1.0812000000000002,-0.48175367410171527
3.19,0.8837656300886929,1.0846,-0.46792981426057423
3.2,0.8910065241883678,1.088,-0.4539904997395469
3.21,0.8980275757606155,1.0914000000000001,-0.43993916985591536
3.22,0.9048270524660194,1.0948,-0.42577929156507294
3.23,0.9114032766354451,1.0982,-0.41151435860510915
3.24,0.9177546256839809,1.1016000000000001,-0.3971478906347811
3.25,0.9238795325112865,1.105,-0.38268343236509034
3.2600000000000002,0.9297764858882515,1.1084,-0.3681245526846786
3.27,0.9354440308298674,1.1118000000000001,-0.35347484377925703
3.2800000000000002,0.9408807689542255,1.1152000000000002,-0.33873792024529054
3.29,0.946085358827545,1.1186,-0.32391741819815034
3.3000000000000003,0.9510565162951535,1.122,-0.30901699437494756
3.31,0.9557930147983298,1.1254000000000002,-0.29404032523230333
3.3200000000000003,0.960293685676943,1.1288,-0.2789911060392296
3.33,0.964557418457798,1.1322,-0.2638730499653733
3.34,0.968583161128631,1.1356000000000002,-0.24868988716485443
3.35,0.9723699203976764,1.139,-0.233445363855906
3.36,0.9759167619387472,1.1424,-0.21814324139654323
3.37,0.9792228106217657,1.1458000000000002,-0.20278729535651238
3.38,0.9822872507286887,1.1492,-0.1873813145857255
3.39,0.9851093261547739,1.1526,-0.17192910027940964
3.4,0.9876883405951377,1.1560000000000001,-0.15643446504023018
3.41,0.9900236577165574,1.1594,-0.1409012319375838
3.42,0.9921147013144777,1.1628,-0.1253332335643046
3.43,0.9939609554551796,1.1662000000000001,-0.10973431109104483
3.44,0.99556196460308,1.1696,-0.09410831331851485
3.45,0.996917333733128,1.173,-0.07845909572784557
3.46,0.9980267284282716,1.1764000000000001,-0.06279051952931321
3.47,0.99888987496197,1.1798000000000002,-0.047106450709642575
3.48,0.9995065603657315,1.1832,-0.03141075907812919
3.49,0.9998766324816606,1.1866,-0.01570731731182077
3.5,1.0,1.1900000000000002,7.044813998280222e-16
3.5100000000000002,0.9998766324816606,1.1934,0.015707317311819513
3.52,0.9995065603657316,1.1968,0.03141075907812793
3.5300000000000002,0.99888987496197,1.2002000000000002,0.047106450709643095
3.54,0.9980267284282716,1.2036,0.06279051952931283
3.5500000000000003,0.9969173337331281,1.207,0.07845909572784521
3.56,0.9955619646030801,1.2104000000000001,0.09410831331851449
3.5700000000000003,0.9939609554551797,1.2138,0.10973431109104446
3.58,0.992114701314478,1.2172,0.12533323356430423
3.59,0.9900236577165578,1.2206000000000001,0.14090123193758256
3.6,0.9876883405951378,1.2240000000000002,0.15643446504023156
3.61,0.985109326154774,1.2274,0.17192910027940927
3.62,0.9822872507286887,1.2308000000000001,0.18738131458572513
3.63,0.9792228106217659,1.2342000000000002,0.2027872953565129
3.64,0.9759167619387473,1.2376,0.218143241396542
3.65,0.972369920397677,1.241,0.23344536385590567
3.66,0.9685831611286313,1.2444000000000002,0.24868988716485493
3.67,0.9645574184577983,1.2478,0.263873049965373
3.68,0.9602936856769433,1.2512,0.2789911060392292
3.69,0.9557930147983305,1.2546000000000002,0.29404032523230383
3.7,0.9510565162951536,1.258,0.30901699437494723
3.71,0.9460853588275454,1.2614,0.3239174181981491
3.72,0.9408807689542257,1.2648000000000001,0.33873792024529187
3.73,0.9354440308298675,1.2682,0.3534748437792567
3.74,0.9297764858882513,1.2716,0.3681245526846774
3.75,0.9238795325112871,1.2750000000000001,0.38268343236509
3.7600000000000002,0.9177546256839811,1.2784,0.39714789063477995
3.77,0.9114032766354456,1.2818,0.41151435860510804
3.7800000000000002,0.9048270524660199,1.2852000000000001,0.4257792915650726
3.79,0.8980275757606161,1.2886000000000002,0.43993916985591586
3.8000000000000003,0.891006524188368,1.292,0.4539904997395458
3.81,0.8837656300886936,1.2954,0.4679298142605731
3.8200000000000003,0.8763066800438638,1.2988000000000002,0.4817536741017157
3.83,0.8686315144381915,1.3022,0.4954586684324064
3.84,0.860742027003944,1.3056,0.5090414157503708
3.85,0.8526401643540926,1.3090000000000002,0.5224985647159498
3.86,0.8443279255020155,1.3124,0.535826794978996
3.87,0.8358073613682703,1.3158,0.5490228179981318
3.88,0.8270805742745618,1.3192000000000002,0.5620833778521312
3.89,0.8181497174250241,1.3226,0.5750052520432778
3.9,0.8090169943749481,1.326,0.5877852522924729
3.91,0.7996846584870908,1.3294000000000001,0.6004202253258846
3.92,0.7901550123756912,1.3328000000000002,0.6129070536529769
3.93,0.7804304073383301,1.3362,0.6252426563357047
3.94,0.7705132427757896,1.3396000000000001,0.63742398974869
3.95,0.7604059656000314,1.3430000000000002,0.6494480483301839
3.96,0.7501110696304601,1.3464,0.6613118653236513
3.97,0.7396310949786097,1.3498,0.6730125135097733
3.98,0.7289686274214116,1.3532000000000002,0.6845471059286886
3.99,0.7181262977631889,1.3566,0.6959127965923142
4.0,0.7071067811865477,1.36,0.707106781186548
4.01,0.6959127965923152,1.3634000000000002,0.7181262977631886
4.0200000000000005,0.684547105928689,1.3668,0.7289686274214112
4.03,0.6730125135097738,1.3702,0.73963109497861
4.04,0.6613118653236524,1.3736000000000002,0.7501110696304591
4.05,0.6494480483301842,1.377,0.7604059656000305
4.0600000000000005,0.6374239897486896,1.3804,0.7705132427757894
4.07,0.6252426563357052,1.3838000000000001,0.7804304073383298
4.08,0.6129070536529766,1.3872,0.7901550123756899
4.09,0.6004202253258849,1.3906,0.7996846584870905
4.1,0.587785252292474,1.3940000000000001,0.8090169943749473
4.11,0.5750052520432781,1.3974000000000002,0.8181497174250237
4.12,0.562083377852131,1.4008,0.827080574274562
4.13,0.5490228179981329,1.4042000000000001,0.8358073613682699
4.14,0.5358267949789979,1.4076000000000002,0.8443279255020152
4.15,0.5224985647159495,1.411,0.8526401643540923
4.16,0.509041415750372,1.4144,0.8607420270039433
4.17,0.4954586684324083,1.4178000000000002,0.8686315144381913
4.18,0.48175367410171616,1.4212,0.8763066800438636
4.19,0.46792981426057356,1.4246,0.8837656300886934
4.2,0.453990499739547,1.4280000000000002,0.8910065241883681
4.21,0.43993916985591547,1.4314,0.8980275757606155
4.22,0.42577929156507305,1.4348,0.9048270524660194
4.23,0.4115143586051085,1.4382000000000001,0.9114032766354454
4.24,0.3971478906347804,1.4416000000000002,0.9177546256839813
4.25,0.38268343236509045,1.445,0.9238795325112865
4.26,0.36812455268467953,1.4484000000000001,0.9297764858882515
4.2700000000000005,0.35347484377925714,1.4518000000000002,0.9354440308298674
4.28,0.3387379202452915,1.4552,0.9408807689542251
4.29,0.32391741819815045,1.4586000000000001,0.9460853588275453
4.3,0.30901699437494856,1.4620000000000002,0.9510565162951535
4.3100000000000005,0.2940403252323035,1.4654,0.95579301479833
4.32,0.2789911060392297,1.4688,0.9602936856769432
4.33,0.2638730499653734,1.4722000000000002,0.964557418457798
4.34,0.2486898871648554,1.4756,0.968583161128631
4.3500000000000005,0.23344536385590528,1.479,0.9723699203976767
4.36,0.2181432413965425,1.4824000000000002,0.9759167619387472
4.37,0.20278729535651338,1.4858,0.9792228106217656
4.38,0.18738131458572563,1.4892,0.9822872507286887
4.39,0.17192910027941063,1.4926000000000001,0.9851093261547739
4.4,0.15643446504023117,1.496,0.9876883405951375
4.41,0.14090123193758305,1.4994,0.9900236577165575
4.42,0.12533323356430473,1.5028000000000001,0.9921147013144778
4.43,0.10973431109104671,1.5062000000000002,0.9939609554551797
4.44,0.09410831331851409,1.5096,0.99556196460308
4.45,0.0784590957278448,1.5130000000000001,0.996917333733128
4.46,0.0627905195293142,1.5164000000000002,0.9980267284282716
4.47,0.04710645070964359,1.5198,0.99888987496197
4.48,0.031410759078128424,1.5232,0.9995065603657315
4.49,0.015707317311821782,1.5266000000000002,0.9998766324816606
4.5,1.1943401194869635e-15,1.53,1.0
4.51,-0.01570731731181939,1.5334,0.9998766324816606
4.5200000000000005,-0.031410759078127806,1.5368000000000002,0.9995065603657315
4.53,-0.04710645070964209,1.5402,0.99888987496197
4.54,-0.06279051952931271,1.5436,0.9980267284282716
4.55,-0.0784590957278442,1.5470000000000002,0.996917333733128
4.5600000000000005,-0.09410831331851437,1.5504000000000002,0.9955619646030801
4.57,-0.10973431109104523,1.5538,0.9939609554551798
4.58,-0.12533323356430412,1.5572000000000001,0.9921147013144779
4.59,-0.14090123193758244,1.5606000000000002,0.9900236577165575
4.6000000000000005,-0.15643446504023142,1.564,0.9876883405951379
4.61,-0.17192910027940916,1.5674000000000001,0.985109326154774
4.62,-0.18738131458572327,1.5708000000000002,0.9822872507286887
4.63,-0.2027872953565102,1.5742,0.9792228106217659
4.64,-0.21814324139654104,1.5776000000000001,0.9759167619387473
4.65,-0.23344536385590467,1.5810000000000002,0.9723699203976768
4.66,-0.24868988716485482,1.5844,0.9685831611286313
4.67,-0.263873049965372,1.5878,0.9645574184577981
4.68,-0.2789911060392274,1.5912000000000002,0.9602936856769433
4.69,-0.2940403252323029,1.5946,0.9557930147983305
4.7,-0.3090169943749471,1.598,0.9510565162951536
4.71,-0.32391741819814984,1.6014000000000002,0.9460853588275454
4.72,-0.3387379202452909,1.6048,0.9408807689542259
4.73,-0.35347484377925575,1.6082,0.9354440308298675
4.74,-0.3681245526846773,1.6116000000000001,0.9297764858882517
4.75,-0.3826834323650899,1.6150000000000002,0.9238795325112867
4.76,-0.39714789063477984,1.6184,0.9177546256839811
4.7700000000000005,-0.4115143586051087,1.6218000000000001,0.9114032766354456
4.78,-0.4257792915650717,1.6252000000000002,0.9048270524660196
4.79,-0.4399391698559149,1.6286,0.8980275757606158
4.8,-0.4539904997395457,1.6320000000000001,0.8910065241883683
4.8100000000000005,-0.46792981426057456,1.6354000000000002,0.8837656300886936
4.82,-0.48175367410171405,1.6388,0.8763066800438638
4.83,-0.49545866843240705,1.6422,0.8686315144381915
4.84,-0.5090414157503714,1.6456000000000002,0.8607420270039435
4.8500000000000005,-0.5224985647159482,1.649,0.8526401643540926
4.86,-0.5358267949789951,1.6524,0.8443279255020155
4.87,-0.5490228179981309,1.6558000000000002,0.8358073613682703
4.88,-0.5620833778521305,1.6592000000000002,0.8270805742745614
4.89,-0.5750052520432777,1.6626,0.8181497174250241
4.9,-0.5877852522924729,1.6660000000000001,0.8090169943749476
4.91,-0.600420225325883,1.6694000000000002,0.7996846584870902
4.92,-0.612907053652976,1.6728,0.7901550123756912
4.93,-0.625242656335704,1.6762000000000001,0.7804304073383301
4.94,-0.6374239897486905,1.6796000000000002,0.770513242775789
4.95,-0.6494480483301838,1.683,0.7604059656000319
4.96,-0.6613118653236512,1.6864000000000001,0.7501110696304595
4.97,-0.673012513509772,1.6898000000000002,0.7396310949786091
4.98,-0.6845471059286892,1.6932,0.7289686274214122
4.99,-0.6959127965923129,1.6966,0.7181262977631889
5.0,-0.7071067811865467,1.7000000000000002,0.7071067811865471
5.01,-0.7181262977631885,1.7034,0.6959127965923152
5.0200000000000005,-0.7289686274214118,1.7068,0.684547105928689
5.03,-0.7396310949786093,1.7102000000000002,0.6730125135097731
5.04,-0.7501110696304585,1.7136,0.661311865323653
5.05,-0.7604059656000305,1.717,0.6494480483301842
5.0600000000000005,-0.7705132427757893,1.7204000000000002,0.6374239897486896
5.07,-0.7804304073383302,1.7238000000000002,0.6252426563357052
5.08,-0.7901550123756903,1.7272,0.6129070536529773
5.09,-0.7996846584870898,1.7306000000000001,0.6004202253258835
5.1000000000000005,-0.8090169943749472,1.7340000000000002,0.5877852522924727
5.11,-0.8181497174250237,1.7374,0.5750052520432789
5.12,-0.8270805742745625,1.7408000000000001,0.5620833778521303
5.13,-0.8358073613682694,1.7442000000000002,0.5490228179981322
5.14,-0.8443279255020147,1.7476,0.5358267949789979
5.15,-0.8526401643540923,1.7510000000000001,0.5224985647159495
5.16,-0.8607420270039423,1.7544000000000002,0.5090414157503712
5.17,-0.8686315144381903,1.7578,0.4954586684324083
5.18,-0.8763066800438631,1.7612,0.4817536741017154
5.19,-0.8837656300886932,1.7646000000000002,0.46792981426057434
5.2,-0.8910065241883681,1.7680000000000002,0.453990499739547
5.21,-0.8980275757606146,1.7714,0.4399391698559147
5.22,-0.9048270524660189,1.7748000000000002,0.42577929156507305
5.23,-0.911403276635445,1.7782000000000002,0.4115143586051085
5.24,-0.9177546256839813,1.7816,0.39714789063478123
5.25,-0.9238795325112872,1.7850000000000001,0.3826834323650896
5.26,-0.9297764858882508,1.7884000000000002,0.3681245526846771
5.2700000000000005,-0.9354440308298669,1.7918,0.35347484377925714
5.28,-0.9408807689542255,1.7952000000000001,0.3387379202452923
5.29,-0.9460853588275444,1.7986000000000002,0.3239174181981496
5.3,-0.9510565162951529,1.802,0.30901699437494684
5.3100000000000005,-0.9557930147983298,1.8054000000000001,0.29404032523230433
5.32,-0.960293685676943,1.8088000000000002,0.27899110603922883
5.33,-0.9645574184577982,1.8122,0.2638730499653734
5.34,-0.9685831611286314,1.8156,0.24868988716485627
5.3500000000000005,-0.9723699203976762,1.8190000000000002,0.2334453638559044
5.36,-0.9759167619387472,1.8224,0.2181432413965425
5.37,-0.9792228106217657,1.8258,0.20278729535651338
5.38,-0.9822872507286888,1.8292000000000002,0.18738131458572474
5.39,-0.9851093261547735,1.8326000000000002,0.17192910027941063
5.4,-0.9876883405951375,1.836,0.15643446504023117
5.41,-0.9900236577165575,1.8394000000000001,0.14090123193758217
5.42,-0.9921147013144774,1.8428000000000002,0.12533323356430473
5.43,-0.9939609554551794,1.8462,0.10973431109104671
5.44,-0.9955619646030799,1.8496000000000001,0.09410831331851498
5.45,-0.996917333733128,1.8530000000000002,0.0784590957278448
5.46,-0.9980267284282716,1.8564,0.0627905195293142
5.47,-0.99888987496197,1.8598000000000001,0.0471064507096427
5.48,-0.9995065603657315,1.8632000000000002,0.03141075907812931
5.49,-0.9998766324816606,1.8666,0.015707317311820894
5.5,-1.0,1.87,-5.82016719913287e-16
5.51,-0.9998766324816607,1.8734000000000002,-0.01570731731182028
5.5200000000000005,-0.9995065603657315,1.8768000000000002,-0.031410759078128694
5.53,-0.99888987496197,1.8802,-0.04710645070964209
5.54,-0.9980267284282716,1.8836000000000002,-0.0627905195293136
5.55,-0.9969173337331283,1.8870000000000002,-0.07845909572784597
5.5600000000000005,-0.9955619646030799,1.8904,-0.09410831331851437
5.57,-0.9939609554551799,1.8938000000000001,-0.10973431109104434
5.58,-0.992114701314478,1.8972000000000002,-0.12533323356430412
5.59,-0.9900236577165576,1.9006,-0.14090123193758156
5.6000000000000005,-0.9876883405951377,1.9040000000000001,-0.15643446504022968
5.61,-0.9851093261547743,1.9074000000000002,-0.17192910027940916
5.62,-0.9822872507286889,1.9108,-0.18738131458572502
5.63,-0.9792228106217659,1.9142000000000001,-0.2027872953565102
5.64,-0.9759167619387481,1.9176000000000002,-0.21814324139654104
5.65,-0.9723699203976763,1.921,-0.23344536385590467
5.66,-0.9685831611286315,1.9244,-0.24868988716485482
5.67,-0.9645574184577984,1.9278000000000002,-0.2638730499653737
5.68,-0.9602936856769432,1.9312,-0.2789911060392274
5.69,-0.9557930147983299,1.9346,-0.2940403252323029
5.7,-0.9510565162951542,1.9380000000000002,-0.3090169943749471
5.71,-0.9460853588275457,1.9414000000000002,-0.32391741819814984
5.72,-0.9408807689542257,1.9448,-0.33873792024528926
5.73,-0.9354440308298673,1.9482000000000002,-0.35347484377925575
5.74,-0.929776485888251,1.9516000000000002,-0.3681245526846773
5.75,-0.9238795325112874,1.955,-0.3826834323650899
5.76,-0.9177546256839815,1.9584000000000001,-0.39714789063478145
5.7700000000000005,-0.9114032766354453,1.9618000000000002,-0.4115143586051103
5.78,-0.9048270524660192,1.9652,-0.4257792915650717
5.79,-0.8980275757606165,1.9686000000000001,-0.4399391698559149
5.8,-0.8910065241883685,1.9720000000000002,-0.4539904997395473
5.8100000000000005,-0.8837656300886937,1.9754,-0.46792981426057145
5.82,-0.8763066800438635,1.9788000000000001,-0.48175367410171405
5.83,-0.8686315144381924,1.9822000000000002,-0.49545866843240705
5.84,-0.8607420270039445,1.9856000000000003,-0.5090414157503714
5.8500000000000005,-0.8526401643540926,1.989,-0.5224985647159497
5.86,-0.8443279255020151,1.9924000000000002,-0.5358267949789981
5.87,-0.8358073613682698,1.9958000000000002,-0.5490228179981309
5.88,-0.8270805742745629,1.9992,-0.5620833778521305
5.89,-0.8181497174250242,2.0026,-0.5750052520432791
5.9,-0.8090169943749477,2.0060000000000002,-0.5877852522924742
5.91,-0.7996846584870902,2.0094000000000003,-0.6004202253258859
5.92,-0.7901550123756917,2.0128000000000004,-0.612907053652976
5.93,-0.7804304073383307,2.0162,-0.6252426563357054
5.94,-0.7705132427757897,2.0196,-0.6374239897486905
5.95,-0.7604059656000309,2.023,-0.6494480483301851
5.96,-0.7501110696304614,2.0264,-0.6613118653236512
5.97,-0.739631094978611,2.0298000000000003,-0.6730125135097733
5.98,-0.7289686274214123,2.0332000000000003,-0.6845471059286892
5.99,-0.718126297763189,2.0366,-0.6959127965923129
6.0,-0.7071067811865471,2.04,-0.7071067811865467
6.01,-0.695912796592316,2.0434,-0.7181262977631885
6.0200000000000005,-0.6845471059286897,2.0468,-0.7289686274214118
6.03,-0.6730125135097738,2.0502000000000002,-0.7396310949786105
6.04,-0.6613118653236518,2.0536000000000003,-0.7501110696304585
6.05,-0.6494480483301857,2.057,-0.7604059656000305
6.0600000000000005,-0.6374239897486884,2.0604,-0.7705132427757893
6.07,-0.625242656335706,2.0638,-0.7804304073383302
6.08,-0.6129070536529767,2.0672,-0.7901550123756892
6.09,-0.6004202253258865,2.0706,-0.7996846584870898
6.1000000000000005,-0.587785252292472,2.0740000000000003,-0.8090169943749472
6.11,-0.5750052520432797,2.0774000000000004,-0.8181497174250237
6.12,-0.562083377852131,2.0808,-0.8270805742745605
6.13,-0.5490228179981316,2.0842,-0.8358073613682694
6.140000000000001,-0.5358267949789958,2.0876,-0.8443279255020147
6.15,-0.5224985647159504,2.091,-0.8526401643540923
6.16,-0.5090414157503721,2.0944000000000003,-0.8607420270039441
6.17,-0.49545866843240766,2.0978000000000003,-0.8686315144381921
6.18,-0.4817536741017178,2.1012,-0.8763066800438631
6.19,-0.46792981426057206,2.1046,-0.8837656300886932
6.2,-0.45399049973954797,2.108,-0.8910065241883681
6.21,-0.4399391698559156,2.1114,-0.8980275757606162
6.22,-0.4257792915650724,2.1148000000000002,-0.9048270524660189
6.23,-0.411514358605111,2.1182000000000003,-0.911403276635445
6.24,-0.3971478906347821,2.1216,-0.9177546256839813
6.25,-0.38268343236509056,2.125,-0.9238795325112872
6.26,-0.36812455268467803,2.1284,-0.9297764858882508
6.2700000000000005,-0.3534748437792564,2.1318,-0.9354440308298669
6.28,-0.3387379202452899,2.1352,-0.9408807689542255
6.29,-0.32391741819815056,2.1386000000000003,-0.9460853588275455
6.3,-0.30901699437494784,2.1420000000000003,-0.951056516295154
6.3100000000000005,-0.2940403252323036,2.1454,-0.9557930147983298
6.32,-0.2789911060392281,2.1488,-0.960293685676943
6.33,-0.2638730499653744,2.1522,-0.9645574184577982
6.34,-0.24868988716485554,2.1556,-0.9685831611286314
6.3500000000000005,-0.2334453638559054,2.1590000000000003,-0.972369920397677
6.36,-0.21814324139654523,2.1624000000000003,-0.9759167619387472
6.37,-0.20278729535651438,2.1658,-0.9792228106217651
6.38,-0.18738131458572574,2.1692,-0.9822872507286882
6.390000000000001,-0.17192910027940989,2.1726,-0.9851093261547742
6.4,-0.1564344650402304,2.176,-0.9876883405951375
6.41,-0.14090123193758142,2.1794000000000002,-0.9900236577165575
6.42,-0.12533323356430573,2.1828000000000003,-0.9921147013144779
6.43,-0.10973431109104595,2.1862000000000004,-0.9939609554551798
6.44,-0.09410831331851421,2.1896,-0.9955619646030799
6.45,-0.07845909572784404,2.193,-0.996917333733128
6.46,-0.06279051952931522,2.1964,-0.9980267284282716
6.47,-0.047106450709643706,2.1998,-0.99888987496197
6.48,-0.03141075907812854,2.2032000000000003,-0.9995065603657315
6.49,-0.01570731731182368,2.2066000000000003,-0.9998766324816606
6.5,-2.2049832191018243e-15,2.21,-1.0
6.51,0.01570731731181927,2.2134,-0.9998766324816606
6.5200000000000005,0.03141075907812769,2.2168,-0.9995065603657316
6.53,0.04710645070964285,2.2202,-0.99888987496197
6.54,0.06279051952931436,2.2236000000000002,-0.9980267284282716
6.55,0.07845909572784318,2.2270000000000003,-0.996917333733128
6.5600000000000005,0.09410831331851335,2.2304000000000004,-0.9955619646030799
6.57,0.1097343110910451,2.2338,-0.9939609554551799
6.58,0.12533323356430134,2.2372,-0.992114701314478
6.59,0.14090123193758056,2.2406,-0.9900236577165576
6.6000000000000005,0.15643446504022956,2.244,-0.9876883405951377
6.61,0.17192910027940903,2.2474000000000003,-0.9851093261547736
6.62,0.1873813145857214,2.2508000000000004,-0.9822872507286883
6.63,0.20278729535651005,2.2542,-0.9792228106217659
6.640000000000001,0.2181432413965409,2.2576,-0.9759167619387473
6.65,0.23344536385590456,2.261,-0.9723699203976763
6.66,0.2486898871648547,2.2644,-0.9685831611286315
6.67,0.2638730499653736,2.2678000000000003,-0.9645574184577984
6.68,0.2789911060392273,2.2712000000000003,-0.9602936856769432
6.69,0.2940403252323028,2.2746,-0.9557930147983299
6.7,0.309016994374947,2.278,-0.9510565162951542
6.71,0.3239174181981464,2.2814,-0.9460853588275457
6.72,0.33873792024528915,2.2848,-0.9408807689542257
6.73,0.35347484377925564,2.2882000000000002,-0.9354440308298673
6.74,0.3681245526846772,2.2916000000000003,-0.929776485888251
6.75,0.3826834323650898,2.2950000000000004,-0.9238795325112861
6.76,0.39714789063478134,2.2984,-0.9177546256839815
6.7700000000000005,0.411514358605107,2.3018,-0.9114032766354453
6.78,0.4257792915650716,2.3052,-0.9048270524660192
6.79,0.4399391698559148,2.3086,-0.898027575760615
6.8,0.4539904997395472,2.3120000000000003,-0.8910065241883668
6.8100000000000005,0.46792981426057445,2.3154000000000003,-0.8837656300886937
6.82,0.48175367410171394,2.3188,-0.8763066800438651
6.83,0.49545866843240693,2.3222,-0.8686315144381924
6.84,0.5090414157503683,2.3256,-0.8607420270039445
6.8500000000000005,0.5224985647159496,2.329,-0.8526401643540926
6.86,0.535826794978995,2.3324000000000003,-0.8443279255020151
6.87,0.5490228179981308,2.3358000000000003,-0.8358073613682698
6.88,0.5620833778521304,2.3392,-0.8270805742745629
6.890000000000001,0.575005252043279,2.3426,-0.8181497174250242
6.9,0.5877852522924714,2.346,-0.8090169943749477
6.91,0.6004202253258829,2.3494,-0.7996846584870902
6.92,0.612907053652976,2.3528000000000002,-0.7901550123756896
6.93,0.6252426563357053,2.3562000000000003,-0.7804304073383307
6.94,0.6374239897486904,2.3596000000000004,-0.7705132427757897
6.95,0.6494480483301823,2.363,-0.7604059656000309
6.96,0.6613118653236512,2.3664,-0.7501110696304614
6.97,0.6730125135097705,2.3698,-0.739631094978611
6.98,0.6845471059286891,2.3732,-0.7289686274214123
6.99,0.6959127965923128,2.3766000000000003,-0.718126297763189
7.0,0.7071067811865466,2.3800000000000003,-0.7071067811865471
7.01,0.7181262977631885,2.3834,-0.695912796592316
7.0200000000000005,0.7289686274214117,2.3868,-0.6845471059286897
7.03,0.739631094978608,2.3902,-0.6730125135097738
7.04,0.7501110696304584,2.3936,-0.6613118653236518
7.05,0.7604059656000304,2.3970000000000002,-0.649448048330183
7.0600000000000005,0.7705132427757891,2.4004000000000003,-0.6374239897486884
7.07,0.7804304073383301,2.4038000000000004,-0.625242656335706
7.08,0.7901550123756891,2.4072,-0.6129070536529767
7.09,0.7996846584870898,2.4106,-0.6004202253258836
7.1000000000000005,0.8090169943749471,2.414,-0.587785252292472
7.11,0.8181497174250236,2.4174,-0.5750052520432797
7.12,0.8270805742745605,2.4208000000000003,-0.562083377852131
7.13,0.8358073613682694,2.4242000000000004,-0.5490228179981316
7.140000000000001,0.8443279255020146,2.4276,-0.5358267949789988
7.15,0.8526401643540922,2.431,-0.5224985647159504
7.16,0.8607420270039422,2.4344,-0.5090414157503721
7.17,0.8686315144381902,2.4378,-0.49545866843240766
7.18,0.876306680043863,2.4412000000000003,-0.4817536741017147
7.19,0.8837656300886932,2.4446000000000003,-0.46792981426057206
7.2,0.891006524188368,2.4480000000000004,-0.4539904997395448
7.21,0.8980275757606146,2.4514,-0.4399391698559156
7.22,0.9048270524660189,2.4548,-0.4257792915650724
7.23,0.911403276635445,2.4582,-0.411514358605111
7.24,0.9177546256839811,2.4616000000000002,-0.3971478906347789
7.25,0.9238795325112857,2.4650000000000003,-0.38268343236509056
7.26,0.9297764858882507,2.4684000000000004,-0.36812455268467803
7.2700000000000005,0.9354440308298669,2.4718,-0.35347484377925975
7.28,0.9408807689542253,2.4752,-0.33873792024529326
7.29,0.9460853588275455,2.4786,-0.32391741819815056
7.3,0.9510565162951529,2.482,-0.30901699437494784
7.3100000000000005,0.9557930147983297,2.4854000000000003,-0.2940403252323036
7.32,0.9602936856769428,2.4888000000000003,-0.2789911060392281
7.33,0.9645574184577981,2.4922,-0.2638730499653744
7.34,0.9685831611286305,2.4956,-0.24868988716485554
7.3500000000000005,0.972369920397677,2.499,-0.2334453638559054
7.36,0.9759167619387472,2.5024,-0.21814324139654176
7.37,0.9792228106217657,2.5058000000000002,-0.20278729535651438
7.38,0.9822872507286882,2.5092000000000003,-0.18738131458572574
7.390000000000001,0.9851093261547742,2.5126000000000004,-0.17192910027940989
7.4,0.9876883405951375,2.516,-0.1564344650402304
7.41,0.9900236577165575,2.5194,-0.14090123193758491
7.42,0.9921147013144779,2.5228,-0.12533323356430573
7.43,0.9939609554551794,2.5262000000000002,-0.10973431109104595
7.44,0.9955619646030799,2.5296000000000003,-0.09410831331851421
7.45,0.9969173337331279,2.5330000000000004,-0.07845909572784404
7.46,0.9980267284282716,2.5364,-0.06279051952931522
7.47,0.9988898749619698,2.5398,-0.047106450709643706
7.48,0.9995065603657316,2.5432,-0.03141075907812854
7.49,0.9998766324816606,2.5466,-0.015707317311820127
7.5,1.0,2.5500000000000003,1.3477304596986769e-15
7.51,0.9998766324816607,2.5534000000000003,0.01570731731181927
7.5200000000000005,0.9995065603657315,2.5568,0.03141075907812769
7.53,0.99888987496197,2.5602,0.04710645070964285
7.54,0.9980267284282717,2.5636,0.06279051952931082
7.55,0.996917333733128,2.567,0.07845909572784673
7.5600000000000005,0.9955619646030803,2.5704000000000002,0.09410831331851335
7.57,0.9939609554551799,2.5738000000000003,0.1097343110910451
7.58,0.992114701314478,2.5772000000000004,0.12533323356430487
7.59,0.9900236577165576,2.5806,0.14090123193758056
7.6000000000000005,0.9876883405951377,2.584,0.15643446504022956
7.61,0.9851093261547738,2.5874,0.17192910027940903
7.62,0.9822872507286889,2.5908,0.1873813145857249
7.63,0.979222810621766,2.5942000000000003,0.20278729535651355
7.640000000000001,0.9759167619387474,2.5976000000000004,0.21814324139654437
7.65,0.9723699203976764,2.601,0.23344536385590456
7.66,0.9685831611286316,2.6044,0.24868988716485127
7.67,0.9645574184577984,2.6078,0.2638730499653736
7.68,0.9602936856769432,2.6112,0.2789911060392273
7.69,0.95579301479833,2.6146000000000003,0.2940403252323028
7.7,0.9510565162951543,2.6180000000000003,0.3090169943749504
7.71,0.9460853588275459,2.6214000000000004,0.32391741819814973
7.72,0.9408807689542257,2.6248,0.33873792024528915
7.73,0.9354440308298673,2.6282,0.35347484377925564
7.74,0.929776485888251,2.6316,0.3681245526846772
7.75,0.9238795325112874,2.6350000000000002,0.3826834323650898
7.76,0.9177546256839816,2.6384000000000003,0.39714789063478134
7.7700000000000005,0.9114032766354453,2.6418000000000004,0.4115143586051102
7.78,0.9048270524660208,2.6452,0.4257792915650716
7.79,0.8980275757606166,2.6486,0.4399391698559148
7.8,0.8910065241883685,2.652,0.4539904997395472
7.8100000000000005,0.8837656300886937,2.6554,0.46792981426057134
7.82,0.8763066800438635,2.6588000000000003,0.48175367410171704
7.83,0.8686315144381908,2.6622000000000003,0.49545866843240693
7.84,0.8607420270039445,2.6656000000000004,0.5090414157503713
7.8500000000000005,0.8526401643540927,2.669,0.5224985647159496
7.86,0.8443279255020152,2.6724,0.535826794978995
7.87,0.8358073613682699,2.6758,0.5490228179981308
7.88,0.827080574274563,2.6792000000000002,0.5620833778521304
7.890000000000001,0.8181497174250242,2.6826000000000003,0.575005252043279
7.9,0.8090169943749478,2.6860000000000004,0.5877852522924742
7.91,0.7996846584870925,2.6894,0.6004202253258829
7.92,0.7901550123756919,2.6928,0.612907053652976
7.930000000000001,0.7804304073383308,2.6962,0.6252426563357053
7.94,0.7705132427757898,2.6996,0.6374239897486904
7.95,0.760405965600031,2.7030000000000003,0.649448048330185
7.96,0.750111069630459,2.7064000000000004,0.6613118653236512
7.97,0.7396310949786111,2.7098,0.6730125135097732
7.98,0.7289686274214123,2.7132,0.6845471059286891
7.99,0.7181262977631891,2.7166,0.6959127965923128
8.0,0.7071067811865472,2.72,0.707106781186549
8.01,0.695912796592316,2.7234000000000003,0.7181262977631885
8.02,0.6845471059286898,2.7268000000000003,0.7289686274214117
8.03,0.673012513509774,2.7302000000000004,0.7396310949786105
8.040000000000001,0.6613118653236518,2.7336,0.7501110696304584
8.05,0.649448048330183,2.737,0.7604059656000304
8.06,0.6374239897486912,2.7404,0.7705132427757891
8.07,0.6252426563357061,2.7438000000000002,0.7804304073383301
8.08,0.6129070536529768,2.7472000000000003,0.7901550123756891
8.09,0.6004202253258837,2.7506000000000004,0.7996846584870898
8.1,0.587785252292475,2.754,0.8090169943749471
8.11,0.5750052520432798,2.7574,0.8181497174250216
8.120000000000001,0.5620833778521311,2.7608,0.8270805742745625
8.13,0.5490228179981317,2.7642,0.8358073613682694
8.14,0.5358267949789959,2.7676000000000003,0.8443279255020146
8.15,0.5224985647159505,2.7710000000000004,0.8526401643540922
8.16,0.5090414157503722,2.7744,0.8607420270039422
8.17,0.4954586684324108,2.7778,0.8686315144381902
8.18,0.48175367410171793,2.7812,0.876306680043863
8.19,0.46792981426057534,2.7846,0.8837656300886932
8.2,0.4539904997395481,2.7880000000000003,0.891006524188368
8.21,0.4399391698559157,2.7914000000000003,0.8980275757606146
8.22,0.4257792915650725,2.7948000000000004,0.9048270524660204
8.23,0.4115143586051111,2.7982,0.911403276635445
8.24,0.39714789063478223,2.8016,0.9177546256839811
8.25,0.38268343236509067,2.805,0.9238795325112871
8.26,0.3681245526846814,2.8084000000000002,0.9297764858882507
8.27,0.35347484377925986,2.8118000000000003,0.9354440308298669
8.28,0.33873792024529337,2.8152000000000004,0.9408807689542253
8.290000000000001,0.3239174181981507,2.8186,0.9460853588275443
8.3,0.30901699437494795,2.822,0.951056516295154
8.31,0.2940403252323037,2.8254,0.9557930147983297
8.32,0.27899110603923166,2.8288,0.9602936856769428
8.33,0.26387304996537453,2.8322000000000003,0.9645574184577981
8.34,0.24868988716485566,2.8356000000000003,0.9685831611286314
8.35,0.2334453638559055,2.8390000000000004,0.972369920397677
8.36,0.21814324139654534,2.8424,0.9759167619387472
8.370000000000001,0.20278729535651102,2.8458,0.9792228106217657
8.38,0.18738131458572585,2.8492,0.9822872507286888
8.39,0.17192910027941,2.8526000000000002,0.9851093261547735
8.4,0.15643446504023054,2.8560000000000003,0.9876883405951381
8.41,0.14090123193758505,2.8594000000000004,0.9900236577165575
8.42,0.12533323356430584,2.8628,0.9921147013144779
8.43,0.10973431109104607,2.8662,0.9939609554551798
8.44,0.09410831331851434,2.8696,0.9955619646030799
8.45,0.0784590957278477,2.873,0.9969173337331279
8.46,0.06279051952931179,2.8764000000000003,0.9980267284282716
8.47,0.04710645070964383,2.8798000000000004,0.99888987496197
8.48,0.03141075907812867,2.8832000000000004,0.9995065603657316
8.49,0.01570731731182025,2.8866,0.9998766324816606
8.5,2.3274478990165594e-15,2.89,1.0
8.51,-0.01570731731181915,2.8934,0.9998766324816607
8.52,-0.03141075907812401,2.8968000000000003,0.9995065603657315
8.53,-0.04710645070963918,2.9002000000000003,0.99888987496197
8.540000000000001,-0.06279051952931425,2.9036000000000004,0.9980267284282717
8.55,-0.07845909572784661,2.907,0.996917333733128
8.56,-0.09410831331851324,2.9104,0.9955619646030803
8.57,-0.10973431109104498,2.9138,0.9939609554551799
8.58,-0.12533323356430123,2.9172000000000002,0.992114701314478
8.59,-0.14090123193758045,2.9206000000000003,0.9900236577165576
8.6,-0.15643446504022945,2.9240000000000004,0.9876883405951377
8.61,-0.17192910027940542,2.9274,0.9851093261547743
8.620000000000001,-0.18738131458572477,2.9308,0.9822872507286889
8.63,-0.20278729535650994,2.9342,0.979222810621766
8.64,-0.2181432413965408,2.9376,0.9759167619387474
8.65,-0.23344536385590445,2.9410000000000003,0.9723699203976764
8.66,-0.2486898871648546,2.9444000000000004,0.9685831611286316
8.67,-0.26387304996537003,2.9478000000000004,0.9645574184577974
8.68,-0.27899110603922717,2.9512,0.9602936856769432
8.69,-0.29404032523230267,2.9546,0.955793014798331
8.700000000000001,-0.3090169943749469,2.958,0.9510565162951532
8.71,-0.3239174181981496,2.9614000000000003,0.9460853588275459
8.72,-0.33873792024529237,2.9648000000000003,0.9408807689542257
8.73,-0.35347484377925553,2.9682000000000004,0.9354440308298673
8.74,-0.3681245526846771,2.9716,0.9297764858882523
8.75,-0.38268343236508967,2.975,0.9238795325112874
8.76,-0.39714789063477796,2.9784,0.9177546256839816
8.77,-0.4115143586051069,2.9818000000000002,0.9114032766354453
8.78,-0.4257792915650715,2.9852000000000003,0.9048270524660192
8.790000000000001,-0.4399391698559147,2.9886000000000004,0.898027575760615
8.8,-0.4539904997395471,2.992,0.8910065241883685
8.81,-0.46792981426057434,2.9954,0.8837656300886937
8.82,-0.4817536741017138,2.9988,0.8763066800438635
8.83,-0.4954586684324068,3.0022,0.8686315144381908
8.84,-0.5090414157503713,3.0056000000000003,0.8607420270039445
8.85,-0.5224985647159465,3.0090000000000003,0.8526401643540908
8.86,-0.5358267949789949,3.0124000000000004,0.8443279255020152
8.870000000000001,-0.5490228179981307,3.0158,0.8358073613682718
8.88,-0.5620833778521303,3.0192,0.827080574274561
8.89,-0.5750052520432789,3.0226,0.8181497174250242
8.9,-0.5877852522924741,3.0260000000000002,0.8090169943749478
8.91,-0.6004202253258828,3.0294000000000003,0.7996846584870904
8.92,-0.6129070536529759,3.0328000000000004,0.7901550123756897
8.93,-0.6252426563357024,3.0362,0.7804304073383308
8.94,-0.6374239897486876,3.0396,0.7705132427757898
8.950000000000001,-0.6494480483301849,3.043,0.760405965600031
8.96,-0.661311865323651,3.0464,0.7501110696304615
8.97,-0.6730125135097731,3.0498000000000003,0.7396310949786087
8.98,-0.6845471059286864,3.0532000000000004,0.7289686274214123
8.99,-0.6959127965923126,3.0566000000000004,0.7181262977631891
9.0,-0.7071067811865465,3.06,0.7071067811865472
9.01,-0.7181262977631884,3.0634,0.695912796592316
9.02,-0.7289686274214092,3.0668,0.6845471059286898
9.03,-0.7396310949786079,3.0702000000000003,0.673012513509774
9.040000000000001,-0.7501110696304584,3.0736000000000003,0.6613118653236518
9.05,-0.7604059656000303,3.0770000000000004,0.649448048330183
9.06,-0.7705132427757891,3.0804,0.6374239897486912
9.07,-0.7804304073383301,3.0838,0.6252426563357061
9.08,-0.7901550123756891,3.0872,0.6129070536529768
9.09,-0.7996846584870897,3.0906000000000002,0.6004202253258837
9.1,-0.8090169943749471,3.0940000000000003,0.5877852522924721
9.11,-0.8181497174250215,3.0974000000000004,0.5750052520432798
9.120000000000001,-0.8270805742745624,3.1008000000000004,0.5620833778521311
9.13,-0.8358073613682693,3.1042,0.5490228179981317
9.14,-0.8443279255020145,3.1076,0.5358267949789989
9.15,-0.8526401643540922,3.111,0.5224985647159475
9.16,-0.860742027003944,3.1144000000000003,0.5090414157503722
9.17,-0.8686315144381902,3.1178000000000003,0.49545866843240777
9.18,-0.8763066800438629,3.1212000000000004,0.4817536741017148
9.19,-0.8837656300886916,3.1246,0.46792981426057534
9.200000000000001,-0.891006524188368,3.128,0.4539904997395481
9.21,-0.8980275757606161,3.1314,0.4399391698559157
9.22,-0.9048270524660188,3.1348000000000003,0.4257792915650725
9.23,-0.9114032766354448,3.1382000000000003,0.4115143586051079
9.24,-0.9177546256839797,3.1416000000000004,0.39714789063478223
9.25,-0.9238795325112856,3.145,0.38268343236509067
9.26,-0.9297764858882507,3.1484,0.36812455268467814
9.27,-0.9354440308298669,3.1518,0.35347484377925653
9.28,-0.9408807689542241,3.1552000000000002,0.33873792024529004
9.290000000000001,-0.9460853588275454,3.1586000000000003,0.3239174181981507
9.3,-0.9510565162951529,3.1620000000000004,0.30901699437494795
9.31,-0.9557930147983297,3.1654000000000004,0.2940403252323037
9.32,-0.9602936856769428,3.1688,0.27899110603923166
9.33,-0.9645574184577972,3.1722,0.2638730499653711
9.34,-0.9685831611286304,3.1756,0.24868988716485566
9.35,-0.9723699203976761,3.1790000000000003,0.2334453638559055
9.36,-0.9759167619387471,3.1824000000000003,0.21814324139654534
9.370000000000001,-0.9792228106217657,3.1858000000000004,0.20278729535651102
9.38,-0.9822872507286887,3.1892,0.18738131458572585
9.39,-0.9851093261547735,3.1926,0.17192910027941
9.4,-0.9876883405951374,3.196,0.15643446504023054
9.41,-0.9900236577165574,3.1994000000000002,0.14090123193758505
9.42,-0.9921147013144779,3.2028000000000003,0.12533323356430584
9.43,-0.9939609554551794,3.2062000000000004,0.10973431109104607
9.44,-0.9955619646030799,3.2096,0.09410831331851786
9.450000000000001,-0.9969173337331279,3.213,0.07845909572784417
9.46,-0.9980267284282716,3.2164,0.06279051952931534
9.47,-0.99888987496197,3.2198,0.04710645070964383
9.48,-0.9995065603657315,3.2232000000000003,0.03141075907812867
9.49,-0.9998766324816606,3.2266000000000004,0.01570731731182025
9.5,-1.0,3.2300000000000004,-1.2252657797839415e-15
9.51,-0.9998766324816606,3.2334,-0.01570731731181915
9.52,-0.9995065603657316,3.2368,-0.03141075907812756
9.53,-0.99888987496197,3.2402,-0.04710645070964273
9.540000000000001,-0.9980267284282717,3.2436000000000003,-0.0627905195293107
9.55,-0.996917333733128,3.2470000000000003,-0.07845909572784661
9.56,-0.99556196460308,3.2504000000000004,-0.09410831331851324
9.57,-0.9939609554551795,3.2538,-0.10973431109104498
9.58,-0.992114701314478,3.2572,-0.12533323356430476
9.59,-0.9900236577165581,3.2606,-0.14090123193758045
9.6,-0.9876883405951382,3.2640000000000002,-0.15643446504022945
9.61,-0.9851093261547743,3.2674000000000003,-0.17192910027940891
9.620000000000001,-0.9822872507286883,3.2708000000000004,-0.18738131458572477
9.63,-0.979222810621766,3.2742000000000004,-0.2027872953565134
9.64,-0.9759167619387474,3.2776,-0.2181432413965408
9.65,-0.9723699203976772,3.281,-0.23344536385590445
9.66,-0.9685831611286316,3.2844,-0.2486898871648546
9.67,-0.9645574184577984,3.2878000000000003,-0.2638730499653735
9.68,-0.9602936856769432,3.2912000000000003,-0.2789911060392306
9.69,-0.955793014798331,3.2946000000000004,-0.29404032523230267
9.700000000000001,-0.9510565162951543,3.298,-0.3090169943749469
9.71,-0.9460853588275459,3.3014,-0.3239174181981496
9.72,-0.9408807689542258,3.3048,-0.33873792024528904
9.73,-0.9354440308298673,3.3082000000000003,-0.35347484377925886
9.74,-0.9297764858882525,3.3116000000000003,-0.3681245526846771
9.75,-0.9238795325112875,3.3150000000000004,-0.38268343236508967
9.76,-0.9177546256839816,3.3184000000000005,-0.39714789063478123
9.77,-0.9114032766354454,3.3218,-0.4115143586051069
9.78,-0.9048270524660209,3.3252,-0.4257792915650715
9.790000000000001,-0.8980275757606151,3.3286000000000002,-0.4399391698559147
9.8,-0.8910065241883686,3.3320000000000003,-0.4539904997395471
9.81,-0.8837656300886938,3.3354000000000004,-0.46792981426057123
9.82,-0.8763066800438636,3.3388000000000004,-0.48175367410171693
9.83,-0.8686315144381925,3.3422,-0.4954586684324068
9.84,-0.8607420270039446,3.3456,-0.5090414157503682
9.85,-0.8526401643540928,3.349,-0.5224985647159495
9.86,-0.8443279255020172,3.3524000000000003,-0.5358267949789949
9.870000000000001,-0.8358073613682699,3.3558000000000003,-0.5490228179981307
9.88,-0.827080574274561,3.3592000000000004,-0.5620833778521303
9.89,-0.8181497174250243,3.3626,-0.575005252043276
9.9,-0.8090169943749478,3.366,-0.5877852522924712
9.91,-0.7996846584870905,3.3694,-0.6004202253258828
9.92,-0.790155012375692,3.3728000000000002,-0.6129070536529759
9.93,-0.7804304073383308,3.3762000000000003,-0.6252426563357052
9.94,-0.7705132427757921,3.3796000000000004,-0.6374239897486904
9.950000000000001,-0.760405965600031,3.3830000000000005,-0.6494480483301849
9.96,-0.7501110696304591,3.3864,-0.661311865323651
9.97,-0.7396310949786087,3.3898,-0.6730125135097731
9.98,-0.7289686274214124,3.3932,-0.684547105928689
9.99,-0.7181262977631891,3.3966000000000003,-0.6959127965923126
10.0,-0.7071067811865499,3.4000000000000004,-0.707106781186549
10.01,-0.6959127965923161,3.4034000000000004,-0.7181262977631884
10.02,-0.68454710592869,3.4068,-0.7289686274214092
10.03,-0.673012513509774,3.4102,-0.7396310949786103
10.040000000000001,-0.6613118653236519,3.4136,-0.7501110696304584
10.05,-0.6494480483301859,3.4170000000000003,-0.7604059656000303
10.06,-0.6374239897486913,3.4204000000000003,-0.7705132427757891
10.07,-0.6252426563357062,3.4238000000000004,-0.7804304073383301
10.08,-0.6129070536529768,3.4272,-0.7901550123756891
10.09,-0.6004202253258867,3.4306,-0.7996846584870897
10.1,-0.5877852522924751,3.434,-0.8090169943749471
10.11,-0.5750052520432799,3.4374000000000002,-0.8181497174250235
10.120000000000001,-0.5620833778521312,3.4408000000000003,-0.8270805742745624
10.13,-0.5490228179981318,3.4442000000000004,-0.8358073613682713
10.14,-0.535826794978996,3.4476000000000004,-0.8443279255020145
10.15,-0.5224985647159506,3.451,-0.8526401643540922
10.16,-0.5090414157503723,3.4544,-0.8607420270039422
10.17,-0.4954586684324079,3.4578,-0.8686315144381902
10.18,-0.48175367410171804,3.4612000000000003,-0.8763066800438647
10.19,-0.46792981426057545,3.4646000000000003,-0.8837656300886932
10.200000000000001,-0.453990499739545,3.4680000000000004,-0.891006524188368
10.21,-0.4399391698559158,3.4714,-0.8980275757606145
10.22,-0.4257792915650726,3.4748,-0.9048270524660188
10.23,-0.411514358605108,3.4782,-0.9114032766354434
10.24,-0.3971478906347791,3.4816000000000003,-0.9177546256839811
10.25,-0.3826834323650908,3.4850000000000003,-0.9238795325112871
10.26,-0.36812455268467825,3.4884000000000004,-0.9297764858882507
10.27,-0.35347484377926,3.4918000000000005,-0.9354440308298682
10.28,-0.33873792024529353,3.4952,-0.9408807689542241
10.290000000000001,-0.32391741819814746,3.4986,-0.9460853588275443
10.3,-0.30901699437494806,3.5020000000000002,-0.9510565162951529
10.31,-0.29404032523230383,3.5054000000000003,-0.9557930147983297
10.32,-0.2789911060392318,3.5088000000000004,-0.9602936856769428
10.33,-0.26387304996537464,3.5122000000000004,-0.9645574184577981
10.34,-0.24868988716485577,3.5156,-0.9685831611286304
10.35,-0.2334453638559056,3.519,-0.9723699203976761
10.36,-0.21814324139654545,3.5224,-0.9759167619387471
10.370000000000001,-0.20278729535651113,3.5258000000000003,-0.9792228106217657
10.38,-0.187381314585726,3.5292000000000003,-0.982287250728688
10.39,-0.1719291002794101,3.5326000000000004,-0.9851093261547741
10.4,-0.15643446504023065,3.5360000000000005,-0.9876883405951374
10.41,-0.14090123193758516,3.5394,-0.990023657716557
10.42,-0.12533323356430598,3.5428,-0.9921147013144779
10.43,-0.1097343110910462,3.5462000000000002,-0.9939609554551794
10.44,-0.09410831331851799,3.5496000000000003,-0.9955619646030799
10.450000000000001,-0.07845909572784429,3.5530000000000004,-0.9969173337331279
10.46,-0.06279051952931192,3.5564000000000004,-0.9980267284282716
10.47,-0.047106450709643956,3.5598,-0.9988898749619698
10.48,-0.03141075907812879,3.5632,-0.9995065603657315
10.49,-0.01570731731182037,3.5666,-0.9998766324816606
10.5,1.1028010998692062e-15,3.5700000000000003,-1.0
10.51,0.015707317311819024,3.5734000000000004,-0.9998766324816607
10.52,0.03141075907812744,3.5768000000000004,-0.9995065603657315
10.53,0.04710645070964261,3.5802,-0.99888987496197
10.540000000000001,0.06279051952931057,3.5836,-0.9980267284282717
10.55,0.07845909572784295,3.587,-0.996917333733128
10.56,0.09410831331851312,3.5904000000000003,-0.9955619646030803
10.57,0.10973431109104485,3.5938000000000003,-0.9939609554551799
10.58,0.1253332335643011,3.5972000000000004,-0.992114701314478
10.59,0.1409012319375803,3.6006000000000005,-0.9900236577165576
10.6,0.15643446504022931,3.604,-0.9876883405951377
10.61,0.17192910027940878,3.6074,-0.9851093261547743
10.620000000000001,0.18738131458572466,3.6108000000000002,-0.9822872507286889
10.63,0.2027872953565133,3.6142000000000003,-0.979222810621766
10.64,0.21814324139654415,3.6176000000000004,-0.9759167619387474
10.65,0.2334453638559043,3.6210000000000004,-0.9723699203976764
10.66,0.24868988716485446,3.6244,-0.9685831611286316
10.67,0.26387304996537336,3.6278,-0.9645574184577984
10.68,0.2789911060392305,3.6312,-0.9602936856769442
10.69,0.29404032523230256,3.6346000000000003,-0.955793014798331
10.700000000000001,0.3090169943749468,3.6380000000000003,-0.9510565162951532
10.71,0.3239174181981495,3.6414000000000004,-0.9460853588275459
10.72,0.33873792024529226,3.6448,-0.9408807689542258
10.73,0.3534748437792554,3.6482,-0.9354440308298686
10.74,0.368124552684677,3.6516,-0.9297764858882525
10.75,0.38268343236508956,3.6550000000000002,-0.9238795325112875
10.76,0.3971478906347811,3.6584000000000003,-0.9177546256839816
10.77,0.41151435860510677,3.6618000000000004,-0.9114032766354454
10.78,0.4257792915650714,3.6652000000000005,-0.9048270524660209
10.790000000000001,0.4399391698559178,3.6686,-0.8980275757606166
10.8,0.45399049973954697,3.672,-0.8910065241883686
10.81,0.46792981426057423,3.6754000000000002,-0.8837656300886955
10.82,0.4817536741017137,3.6788000000000003,-0.8763066800438636
10.83,0.4954586684324067,3.6822000000000004,-0.8686315144381925
10.84,0.5090414157503681,3.6856000000000004,-0.8607420270039446
10.85,0.5224985647159464,3.689,-0.8526401643540928
10.86,0.5358267949789949,3.6924,-0.8443279255020172
10.870000000000001,0.5490228179981336,3.6958,-0.8358073613682719
10.88,0.5620833778521301,3.6992000000000003,-0.827080574274563
10.89,0.5750052520432788,3.7026000000000003,-0.8181497174250243
10.9,0.587785252292474,3.7060000000000004,-0.8090169943749478
10.91,0.6004202253258827,3.7094000000000005,-0.7996846584870905
10.92,0.6129070536529758,3.7128,-0.790155012375692
10.93,0.6252426563357051,3.7162,-0.7804304073383308
10.94,0.6374239897486903,3.7196000000000002,-0.7705132427757898
10.950000000000001,0.6494480483301821,3.7230000000000003,-0.760405965600031
10.96,0.6613118653236509,3.7264000000000004,-0.7501110696304615
10.97,0.673012513509773,3.7298000000000004,-0.7396310949786087
10.98,0.684547105928689,3.7332,-0.7289686274214124
10.99,0.6959127965923126,3.7366,-0.7181262977631917
11.0,0.7071067811865464,3.74,-0.7071067811865474
11.01,0.7181262977631883,3.7434000000000003,-0.6959127965923161
11.02,0.7289686274214091,3.7468000000000004,-0.68454710592869
11.03,0.7396310949786078,3.7502000000000004,-0.673012513509774
11.040000000000001,0.7501110696304606,3.7536000000000005,-0.6613118653236519
11.05,0.7604059656000325,3.757,-0.6494480483301859
11.06,0.770513242775789,3.7604,-0.6374239897486913
11.07,0.78043040733833,3.7638000000000003,-0.6252426563357062
11.08,0.7901550123756912,3.7672000000000003,-0.6129070536529768
11.09,0.7996846584870918,3.7706000000000004,-0.6004202253258838
11.1,0.8090169943749449,3.7740000000000005,-0.5877852522924722
11.11,0.8181497174250214,3.7774,-0.5750052520432828
11.120000000000001,0.8270805742745623,3.7808,-0.5620833778521312
11.13,0.8358073613682693,3.7842000000000002,-0.5490228179981347
11.14,0.8443279255020145,3.7876000000000003,-0.535826794978999
11.15,0.8526401643540921,3.7910000000000004,-0.5224985647159506
11.16,0.8607420270039439,3.7944000000000004,-0.5090414157503723
11.17,0.8686315144381901,3.7978,-0.49545866843241093
11.18,0.8763066800438629,3.8012,-0.48175367410171804
11.19,0.8837656300886931,3.8046,-0.46792981426057545
11.200000000000001,0.8910065241883696,3.8080000000000003,-0.4539904997395482
11.21,0.8980275757606161,3.8114000000000003,-0.4399391698559158
11.22,0.9048270524660188,3.8148000000000004,-0.4257792915650726
11.23,0.9114032766354448,3.8182000000000005,-0.4115143586051112
11.24,0.9177546256839797,3.8216,-0.39714789063478234
11.25,0.9238795325112856,3.825,-0.3826834323650908
11.26,0.9297764858882506,3.8284000000000002,-0.3681245526846815
11.27,0.9354440308298668,3.8318000000000003,-0.35347484377925664
11.28,0.9408807689542241,3.8352000000000004,-0.33873792024529353
11.290000000000001,0.9460853588275454,3.8386000000000005,-0.3239174181981508
11.3,0.9510565162951539,3.842,-0.30901699437494806
11.31,0.9557930147983307,3.8454,-0.2940403252323072
11.32,0.9602936856769428,3.8488,-0.2789911060392318
11.33,0.9645574184577981,3.8522000000000003,-0.26387304996537464
11.34,0.9685831611286313,3.8556000000000004,-0.24868988716485577
11.35,0.972369920397677,3.8590000000000004,-0.2334453638559056
11.36,0.9759167619387471,3.8624,-0.21814324139654545
11.370000000000001,0.9792228106217656,3.8658,-0.2027872953565146
11.38,0.9822872507286887,3.8692,-0.187381314585726
11.39,0.9851093261547735,3.8726000000000003,-0.1719291002794101
11.4,0.9876883405951374,3.8760000000000003,-0.15643446504023065
11.41,0.9900236577165574,3.8794000000000004,-0.14090123193758516
11.42,0.9921147013144779,3.8828000000000005,-0.12533323356430245
11.43,0.9939609554551794,3.8862,-0.1097343110910462
11.44,0.9955619646030798,3.8896,-0.09410831331851799
11.450000000000001,0.9969173337331282,3.8930000000000002,-0.07845909572784429
11.46,0.9980267284282718,3.8964000000000003,-0.06279051952931547
11.47,0.99888987496197,3.8998000000000004,-0.047106450709643956
11.48,0.9995065603657316,3.9032000000000004,-0.03141075907812879
11.49,0.9998766324816606,3.9066,-0.015707317311823923
11.5,1.0,3.91,-2.4499125789312946e-15
11.51,0.9998766324816607,3.9134,0.015707317311819024
11.52,0.9995065603657316,3.9168000000000003,0.03141075907812744
11.53,0.99888987496197,3.9202000000000004,0.04710645070963906
11.540000000000001,0.9980267284282717,3.9236000000000004,0.06279051952931412
11.55,0.996917333733128,3.9270000000000005,0.07845909572784648
11.56,0.99556196460308,3.9304,0.09410831331850958
11.57,0.9939609554551796,3.9338,0.10973431109104485
11.58,0.992114701314478,3.9372000000000003,0.1253332335643011
11.59,0.9900236577165576,3.9406000000000003,0.1409012319375803
11.6,0.9876883405951377,3.9440000000000004,0.15643446504022931
11.61,0.9851093261547743,3.9474000000000005,0.17192910027940878
11.620000000000001,0.982287250728689,3.9508,0.18738131458572116
11.63,0.979222810621766,3.9542,0.20278729535650983
11.64,0.9759167619387474,3.9576000000000002,0.21814324139654068
11.65,0.9723699203976773,3.9610000000000003,0.2334453638559043
11.66,0.9685831611286316,3.9644000000000004,0.24868988716485446
11.67,0.9645574184577984,3.9678000000000004,0.26387304996537336
11.68,0.9602936856769432,3.9712000000000005,0.27899110603922705
11.69,0.9557930147983311,3.9746,0.29404032523230256
11.700000000000001,0.9510565162951533,3.978,0.3090169943749468
11.71,0.9460853588275447,3.9814000000000003,0.3239174181981462
11.72,0.9408807689542246,3.9848000000000003,0.33873792024529226
11.73,0.9354440308298674,3.9882000000000004,0.3534748437792554
11.74,0.9297764858882511,3.9916000000000005,0.368124552684677
11.75,0.9238795325112862,3.995,0.38268343236508956
11.76,0.9177546256839817,3.9984,0.39714789063477784
11.77,0.9114032766354454,4.0018,0.41151435860510677
11.78,0.9048270524660209,4.0052,0.4257792915650714
11.790000000000001,0.8980275757606151,4.0086,0.4399391698559146
11.8,0.8910065241883686,4.0120000000000005,0.45399049973954697
11.81,0.8837656300886938,4.0154000000000005,0.4679298142605711
11.82,0.8763066800438636,4.018800000000001,0.4817536741017168
11.83,0.8686315144381909,4.022200000000001,0.4954586684324067
11.84,0.8607420270039446,4.025600000000001,0.5090414157503712
11.85,0.8526401643540928,4.029,0.5224985647159464
11.86,0.8443279255020153,4.0324,0.5358267949789949
11.870000000000001,0.83580736136827,4.0358,0.5490228179981307
11.88,0.8270805742745612,4.0392,0.5620833778521301
11.89,0.8181497174250243,4.0426,0.5750052520432759
11.9,0.8090169943749479,4.046,0.587785252292474
11.91,0.7996846584870927,4.0494,0.6004202253258827
11.92,0.7901550123756921,4.0528,0.6129070536529758
11.93,0.7804304073383309,4.0562000000000005,0.6252426563357051
11.94,0.7705132427757899,4.0596000000000005,0.6374239897486903
11.950000000000001,0.7604059656000312,4.063000000000001,0.6494480483301848
11.96,0.7501110696304593,4.066400000000001,0.6613118653236509
11.97,0.7396310949786088,4.0698,0.6730125135097704
11.98,0.7289686274214126,4.0732,0.6845471059286863
11.99,0.7181262977631893,4.0766,0.6959127965923126
12.0,0.7071067811865475,4.08,0.7071067811865464
