"topic_id","program_topic","unit","book_section","status","depth","prerequisites","notes"
"U01-01","Concepto de acústica y aplicaciones","1","1.1 Qué estudia la acústica; 1.10 Cierre aplicado","covered","introductoria con proyección profesional","ninguno","Distingue fenómeno físico, medición y percepción; vincula voz, audición, ambiente y tecnología."
"U01-02","Sistema Internacional de Unidades","1","1.2–1.3","covered","operativa básica","aritmética elemental","Incluye magnitudes, unidades, prefijos y conversiones."
"U01-03","Velocidad y distancia","1","1.2–1.4","covered","conceptual y de cálculo","proporciones","Se formaliza velocidad como razón y se recupera luego para propagación."
"U01-04","Masa y peso","1","1.2; 1.4","covered","distinción conceptual","ninguno","Se evita tratarlos como sinónimos; peso se relaciona con fuerza."
"U01-05","Tiempo","1","1.2–1.4","covered","operativa básica","ninguno","Base para período, frecuencia, exposición y reverberación."
"U01-06","Presión","1","1.2; 1.4","covered","introductoria","fuerza y área intuitivas","Se retoma formalmente en U2 y como presión acústica en U4."
"U01-07","Densidad","1","1.2; 1.4","covered","introductoria","masa y volumen","Prerrequisito para velocidad de propagación e impedancia."
"U01-08","Fuerza","1","1.2; 1.4","covered","introductoria","masa y aceleración intuitivas","Se formaliza con las leyes de Newton en U2."
"U01-09","Función y función inversa","1","1.5","covered","conceptual y gráfica","álgebra elemental","Se emplea en relaciones exponenciales/logarítmicas y despejes."
"U01-10","Trigonometría: seno, coseno y tangente","1","1.6","covered","instrumental","ángulos y triángulos","Seno y coseno se reutilizan en MAS, ondas y fase; tangente queda como base geométrica."
"U01-11","Función exponencial y logaritmo","1","1.7–1.8","covered","instrumental","potencias","Se conecta explícitamente con decibeles y escalas multiplicativas."
"U01-X1","Notación científica, análisis dimensional y cifras significativas","1","1.2–1.3","out_of_scope","ampliación instrumental necesaria","aritmética","Excede el listado literal del programa, pero reduce errores en todas las unidades."
"U01-X2","Distinción entre magnitud física y descriptor perceptual","1","1.1; 1.9","out_of_scope","marco conceptual transversal","ninguno","Ampliación didáctica especialmente útil para U4 y U7."
"U02-01","Primera ley de Newton","2","2.2","covered","conceptual y aplicada","fuerza, masa, velocidad","Incluye inercia y ejemplos vinculados con sistemas vibratorios."
"U02-02","Segunda ley de Newton","2","2.2","covered","conceptual, algebraica y de cálculo","fuerza, masa, aceleración","Se utiliza para derivar o interpretar modelos oscilatorios."
"U02-03","Tercera ley de Newton","2","2.2","covered","conceptual y aplicada","vectores cualitativos","Aclara que acción y reacción actúan sobre cuerpos distintos."
"U02-04","Calor","2","2.6","covered","conceptual y de balance","temperatura y energía intuitivas","El libro distingue calor de temperatura."
"U02-05","Entropía","2","2.7","covered","cualitativa con interpretación física","energía interna, procesos","La profundidad esperada es conceptual, no estadístico-mecánica."
"U02-06","Principio de conservación de la energía","2","2.5–2.7","covered","conceptual y de cálculo básico","trabajo, energía cinética y potencial","Se conecta con pérdidas, amortiguamiento y transmisión acústica."
"U02-X1","Trabajo, energía cinética, potencial elástica e interna","2","2.5–2.6","out_of_scope","ampliación estructural","álgebra elemental","Necesario para sostener conservación y sistemas vibratorios."
"U02-X2","Modelo masa–resorte–amortiguador","2","2.3–2.4","out_of_scope","ampliación preparatoria","leyes de Newton","Prepara U3, resonancia y modelos auditivos."
"U02-X3","Velocidad del sonido como propiedad termodinámica del medio","2","2.8","out_of_scope","ampliación conceptual","densidad, elasticidad, temperatura","Prepara U4 y U9."
"U03-01","Movimiento oscilatorio","3","3.1–3.3","covered","conceptual, gráfica y matemática","funciones, trigonometría, dinámica","Incluye equilibrio, elongación, amplitud, período y frecuencia."
"U03-02","Movimiento armónico simple","3","3.2–3.4","covered","formalización básica","seno/coseno, período, frecuencia","Se expresa temporalmente y se vincula con masa–resorte."
"U03-03","Movimiento ondulatorio","3","3.5–3.8","covered","conceptual, gráfica y matemática","MAS, espacio y tiempo","Diferencia oscilación local de propagación."
"U03-04","Tono puro emitido por un parlante","3","3.9","covered","modelo físico aplicado","MAS, onda, presión","Conecta el desplazamiento del parlante con variaciones de presión."
"U03-05","Definición y ecuación de tono puro","3","3.9","covered","formalización matemática","seno, frecuencia, fase","La ecuación se interpreta término por término."
"U03-06","Frecuencia","3","3.2–3.4","covered","conceptual y de cálculo","tiempo, razón","Se mantiene f en Hz y la relación f=1/T."
"U03-07","Período","3","3.2–3.4","covered","conceptual y de cálculo","tiempo, función inversa","Se mantiene T en s."
"U03-08","Amplitud","3","3.1–3.4; 3.9","covered","conceptual y gráfica","lectura de ejes","Debe distinguirse de energía, intensidad y sonoridad."
"U03-09","Fase","3","3.4; 3.9","covered","conceptual y gráfica","trigonometría","Se prepara para interferencia, coherencia y Fourier."
"U03-10","Longitud de onda","3","3.6–3.8","covered","conceptual y de cálculo","velocidad, frecuencia","Incluye λ=c/f y lectura espacial."
"U03-X1","Frecuencia angular y número de onda","3","3.4; 3.7","out_of_scope","ampliación formal útil","frecuencia, longitud de onda","Conviene usarlos solo donde simplifiquen la representación."
"U03-X2","Superposición e interferencia","3","3.10","out_of_scope","ampliación preparatoria","fase y amplitud","Prepara suma energética, filtros y fenómenos de propagación."
"U04-01","Naturaleza del sonido y definiciones física y psicoacústica","4","4.1–4.2","covered","conceptual integradora","onda, magnitud física y descriptor perceptual","Mantener separados estímulo, medición y experiencia."
"U04-02","Generación del sonido","4","4.2–4.3","covered","mecánica y aplicada","vibración, presión","Incluye fuente, medio y receptor."
"U04-03","Elasticidad del medio","4","4.3","covered","conceptual","fuerza, presión, densidad","Se relaciona con velocidad de propagación."
"U04-04","Propiedades de las ondas sonoras","4","4.3–4.5","covered","conceptual y matemática","U3 completa","Incluye longitudinalidad, propagación, frecuencia, amplitud y fase."
"U04-05","Velocidad de propagación","4","4.4","covered","conceptual y de cálculo","densidad, elasticidad, temperatura","Distinguir c de velocidad de partícula."
"U04-06","Reflexión e impedancia acústica","4","4.6–4.7","covered","conceptual y cuantitativa básica","presión, velocidad de partícula","Se profundiza en U9 y se aplica al oído medio en U6."
"U04-07","Campo acústico","4","4.8–4.10","covered","conceptual y geométrica","fuente, distancia, presión","Distingue campo libre, cercano/lejano y contribuciones reverberantes."
"U04-08","Propagación esférica y cilíndrica","4","4.8–4.9","covered","geométrica y de cálculo","área, distancia","Se presentan como modelos ideales y con límites explícitos."
"U04-09","Tono puro","4","4.11","covered","recuperación y ampliación","U3","Se reutiliza como patrón de referencia para magnitudes acústicas."
"U04-10","Valor promedio y valor eficaz RMS","4","4.11–4.12","covered","conceptual y de cálculo","promedio, cuadrado y raíz","Se explicita que una senoide simétrica tiene promedio cero pero RMS no nulo."
"U04-11","Sonidos complejos","4","4.13","covered","conceptual y gráfica","superposición, tono puro","Prepara análisis frecuencial en U5."
"U04-12","Presión acústica","4","4.5; 4.11–4.14","covered","formal y aplicada","presión, onda","Mantener p(t), p_rms y p_ref diferenciados."
"U04-13","Decibel y nivel de presión sonora","4","4.14–4.16","covered","conceptual, logarítmica y de cálculo","logaritmos, RMS","Incluye referencia aérea de 20 µPa y advertencia sobre otras referencias."
"U04-14","Percepción del sonido","4","4.1; 4.17","covered","puente introductorio","presión, frecuencia, nivel","La formalización psicoacústica corresponde a U7."
"U04-15","Fuentes coherentes y no coherentes","4","4.18","covered","conceptual y de cálculo básico","fase, superposición","Aclara suma de presiones frente a suma de energías/niveles."
"U04-16","Suma energética de niveles","4","4.18–4.19","covered","cuantitativa","logaritmos, intensidad","Incluye casos iguales y desiguales."
"U04-17","Referencias y nomenclatura en aire y agua","4","4.15–4.16","covered","metrológica","nivel y referencia","No comparar dB sin declarar referencia y medio."
"U04-18","Campo libre y fuente omnidireccional","4","4.8–4.10","covered","modelo ideal aplicado","geometría y nivel","Base para ley de distancia."
"U04-19","Ley del inverso del cuadrado","4","4.9–4.10","covered","conceptual y de cálculo","área esférica, logaritmos","Relaciona intensidad 1/r² con cambio aproximado de −6 dB por duplicar distancia."
"U04-20","Factor de directividad y directividad","4","4.10","covered","conceptual y cuantitativa básica","fuente ideal, nivel","Mantener Q y DI diferenciados."
"U04-21","Variación del nivel con la distancia","4","4.9–4.10","covered","de cálculo y aplicada","logaritmos, campo libre","Explicitar condiciones de validez."
"U04-X1","Intensidad, potencia, energía y niveles asociados","4","4.12–4.16","out_of_scope","ampliación necesaria","energía, área, tiempo","Evita reducir toda magnitud acústica a presión sonora."
"U04-X2","Onda plana y relación p/u","4","4.6","out_of_scope","ampliación formal","impedancia","Útil como idealización; no debe generalizarse sin condiciones."
"U05-01","Serie de Fourier","5","5.2–5.4","covered","conceptual, gráfica y matemática básica","sinusoides, suma, fase","Se prioriza la descomposición como modelo."
"U05-02","Transformada de Fourier","5","5.4–5.6","covered","conceptual y operativa","serie de Fourier, funciones","La integral puede presentarse como formalización, sin exigir derivación."
"U05-03","Respuesta en frecuencia y espectro","5","5.5–5.7","covered","comparativa e interpretativa","dominio temporal/frecuencial","Distingue propiedad del sistema de contenido de la señal."
"U05-04","Infrasonido, rango audible y ultrasonido","5","5.8","covered","clasificatoria y aplicada","frecuencia","Los límites auditivos se presentan como aproximados y dependientes del individuo."
"U05-05","Rango dinámico vocal, instrumental y auditivo; umbral de dolor","5","5.9–5.10","covered","comparativa con cautelas","nivel de presión, frecuencia","El libro evita un umbral de dolor universal; se requieren rangos contextuales."
"U05-06","Frecuencia fundamental","5","5.11","covered","conceptual y gráfica","periodicidad, espectro","Relacionar con periodicidad sin identificarla automáticamente con pitch."
"U05-07","Armónicos, parciales y sobretonos","5","5.11","covered","terminológica e interpretativa","fundamental, espectro","El libro diferencia correctamente los tres términos."
"U05-08","Octavas y bandas de octava","5","5.12","covered","logarítmica y aplicada","razones, frecuencia","Incluye centro y límites de banda."
"U05-09","Filtros, frecuencia de corte, central y ancho de banda","5","5.13–5.15","covered","conceptual, gráfica y aplicada","respuesta en frecuencia","Incluye pasa-bajos, pasa-altos y pasa-banda."
"U05-10","Ponderación A y dBA","5","5.16","covered","metrológica y crítica","nivel, espectro, audición","Se contextualiza como filtro normalizado; no equivale a percepción individual."
"U05-11","Sonómetro","5","5.17","covered","instrumental","nivel, ponderación, tiempo","Incluye parámetros de medición y cautelas de configuración."
"U05-X1","Muestreo, DFT/FFT, ventanas, resolución y fuga espectral","5","5.18–5.22","out_of_scope","ampliación técnica útil","señales, frecuencia, tiempo","Debe modularse según disponibilidad horaria y herramientas."
"U05-X2","Espectrograma","5","5.23","out_of_scope","ampliación aplicada","espectro y ventanas","Muy relevante para voz y habla."
"U05-X3","Ponderaciones C y Z; Leq, máximo y pico","5","5.16–5.17","out_of_scope","ampliación metrológica","nivel y ponderación","Útil para evitar interpretar dBA como único descriptor."
"U06-01","Cadena auditiva: oído externo, medio e interno","6","6.1–6.3","covered","anatómico-funcional integrada","U4: presión, impedancia y frecuencia","La organización evita memorizar estructuras sin función."
"U06-02","Pabellón auricular","6","6.2","covered","anatómica y funcional","campo acústico","Incluye filtrado direccional y claves espectrales."
"U06-03","Conducto auditivo externo","6","6.2","covered","anatómica y acústica","resonancia, impedancia","Se vincula con transferencia al tímpano."
"U06-04","Transformación del frente de onda en el conducto auditivo externo","6","6.2","partial","conceptual crítica","propagación esférica/cilíndrica","El libro rechaza una conversión literal universal a onda cilíndrica y la reemplaza por transferencia en un conducto curvo, variable y finito; requiere decisión docente sobre el enunciado."
"U06-05","Membrana timpánica","6","6.3","covered","anatómica y mecánica","presión, vibración","Incluye función de acoplamiento."
"U06-06","Caja timpánica","6","6.3","covered","anatómica y funcional","presión y cavidades","Se integra con ventilación y cadena osicular."
"U06-07","Cadena osicular","6","6.3","covered","anatómica, mecánica y aplicada","palancas, fuerza, presión","Incluye martillo, yunque y estribo."
"U06-08","Trompa de Eustaquio","6","6.3","covered","anatómica y funcional","presión estática","Se relaciona con igualación de presión."
"U06-09","Oído medio como transformador mecánico","6","6.3–6.4","covered","mecánica y cuantitativa básica","impedancia, fuerza, área","Explica adaptación de impedancias sin una única ganancia fija."
"U06-10","Reflejo acústico y latencia","6","6.5","covered","fisiológica con cautelas","cadena osicular, nivel","La latencia se trata como dependiente del estímulo y medición; evitar un valor universal."
"U06-11","Igualación de presiones","6","6.3","covered","funcional y aplicada","presión","Incluye función de la trompa de Eustaquio."
"U06-12","Conducción ósea y transmisión paratimpánica","6","6.6","covered","mecánica y clínica crítica","vibración, impedancia","El libro reemplaza una vía única paratimpánica por múltiples mecanismos de conducción ósea."
"U06-13","Cóclea","6","6.7–6.10","covered","anatómica y fisiológica","onda, frecuencia, energía","Se presenta como sistema mecánico y sensorial."
"U06-14","Rampas cocleares y fluidos","6","6.7","covered","anatómica y terminológica","presión y propagación","Usa scala vestibuli, conducto coclear/scala media y scala tympani; distingue perilinfa y endolinfa."
"U06-15","Membranas cocleares","6","6.7–6.9","covered","anatómica y mecánica","vibración y gradientes","Incluye basilar, vestibular y tectoria."
"U06-16","Potencial de reposo","6","6.8","partial","fisiológica","iones, membrana celular","Se explican potencial endococlear y potencial receptor, pero falta una definición explícita y delimitada de potencial de reposo."
"U06-17","Membrana tectoria y membrana basilar","6","6.8–6.9","covered","mecánica y fisiológica","onda viajera","Se relacionan con cizallamiento y tonotopía."
"U06-18","Ventanas oval y redonda","6","6.7","covered","anatómica y mecánica","presión en fluidos","Se explica su función en la movilidad de los líquidos."
"U06-19","Órgano de Corti","6","6.8","covered","anatómica y fisiológica","membrana basilar, células ciliadas","Integra soporte, células sensoriales y transducción."
"U06-20","Túnel de Corti","6","","missing","anatómica","órgano de Corti","El término y su delimitación no aparecen de forma explícita en los capítulos disponibles."
"U06-21","Células ciliadas internas y externas","6","6.8–6.10","covered","fisiológica y comparativa","transducción, electromotilidad","Diferencia función aferente principal de amplificación/control coclear."
"U06-22","Funcionamiento ante estímulos débiles y fuertes","6","6.9–6.10","covered","fisiológica y no lineal","CCE, CCI, nivel","Incluye compresión coclear y cambio de participación activa."
"U06-23","Tonotopía coclear","6","6.9","covered","mecánica, gráfica y clínica","frecuencia, onda viajera","Relaciona posición, frecuencia y codificación."
"U06-X1","Codificación neural periférica y límites de fase","6","6.10–6.11","out_of_scope","ampliación fisiológica","transducción","Prepara percepción sin convertir U6 en neurociencia central."
"U07-01","Curvas isofónicas normalizadas","7","7.2–7.3","external_expansion","gráfica y cuantitativa","frecuencia, nivel, umbral","El concepto está cubierto; una curva normativa exacta requiere datos vigentes de ISO 226 u otra fuente primaria autorizada."
"U07-02","Umbral de audición y sensibilidad auditiva","7","7.2–7.4","covered","psicofísica y gráfica","nivel, frecuencia","Se distingue umbral individual, referencia y tendencia poblacional."
"U07-03","Resonancia del conducto auditivo externo","7","7.4","covered","acústica y perceptual","U6: CAE; U4: resonancia/nivel","Se vincula con transferencia en campo libre y presión timpánica."
"U07-04","Diferencia entre campo libre y presión en el tímpano","7","7.4","covered","comparativa","campo acústico, CAE","Evita asumir identidad entre nivel incidente y nivel timpánico."
"U07-05","Altura o pitch","7","7.5","covered","psicofísica","frecuencia, espectro","No reducir pitch a frecuencia en señales complejas."
"U07-06","Duración","7","7.6","covered","psicofísica","tiempo, envolvente","Incluye efectos sobre detectabilidad y percepción."
"U07-07","Timbre","7","7.7","covered","multidimensional y aplicada","espectro, envolvente","Se conecta con voz, instrumentos y reconocimiento."
"U07-08","Sonoridad o loudness","7","7.8","covered","psicofísica","nivel, frecuencia, duración","No usar como sinónimo de nivel de presión sonora."
"U07-09","Fon y son","7","7.8","covered","terminológica y cuantitativa básica","curvas isofónicas","El son es unidad de sonoridad; el fon, de nivel de sonoridad."
"U07-10","Enmascaramiento","7","7.9","covered","psicofísica y aplicada","bandas críticas, nivel, frecuencia","Se prepara el uso clínico desarrollado parcialmente en U10."
"U07-11","Ruido y reverberación","7","7.10–7.11","covered","perceptual y aplicada","SNR, campo reverberante","El tiempo de reverberación se formaliza en U9."
"U07-12","Tiempo de reverberación","7","7.11","partial","introductoria y perceptual","energía, decaimiento","La definición y efectos se cubren; el tratamiento físico y de cálculo se traslada a U9."
"U07-13","Voz, inteligibilidad y ALCons","7","7.12","covered","aplicada","SNR, reverberación, espectro del habla","ALCons se presenta con límites de validez y contexto."
"U07-14","Efecto de precedencia o Haas","7","7.13","covered","perceptual y temporal","reflexiones, retardos","Se corrige la grafía 'Hass'; Haas es un caso dentro del efecto de precedencia."
"U07-15","Reflexiones y percepción espacial","7","7.13–7.14","covered","integradora","campo, fase, retardo","Conecta acústica física y localización."
"U07-16","Efecto cóctel","7","7.15","covered","perceptual y aplicada","atención, segregación, claves binaurales","Se evita atribuirlo a un único mecanismo."
"U07-17","Localización y audición binaural","7","7.14–7.16","covered","psicofísica y fisiológica","fase, nivel, anatomía auditiva","Incluye diferencias interaurales de tiempo y nivel y claves espectrales."
"U07-X1","Bandas críticas y ERB","7","7.9","out_of_scope","ampliación psicoacústica","filtros y espectro","Aporta un marco para enmascaramiento sin exigir modelado avanzado."
"U08-01","Curvas de recuperación auditiva después de la exposición","8","8.2–8.3","external_expansion","clínica y temporal","exposición, umbral","Se explica TTS y dependencia temporal, pero no se presentan curvas de recuperación cuantitativas."
"U08-02","Desplazamiento temporal del umbral","8","8.2","covered","clínica y conceptual","umbral, nivel, tiempo","Se distingue de cambios permanentes."
"U08-03","Hipoacusia inducida por ruido","8","8.3","covered","clínica y preventiva","exposición, dosis, audiograma","Incluye mecanismos y patrón audiométrico con cautelas."
"U08-04","Acúfenos","8","8.4","covered","clínica y descriptiva","audición, daño auditivo","Se emplea también el término tinnitus como equivalente."
"U08-05","Presbiacusia","8","8.5","covered","clínica y poblacional","tonotopía, audiograma","Evita asumir un patrón idéntico en todas las personas."
"U08-06","Edad, ruido ocupacional y porcentaje de riesgo","8","8.5–8.6","external_expansion","epidemiológica","estadística básica, exposición","El libro explica factores y rechaza un porcentaje universal; faltan fuente, población, definición de caso y modelo normativo para cuantificar."
"U08-07","Audiometría tonal","8","8.7","covered","procedimental e interpretativa","dB HL, umbral, frecuencia","Incluye vías aérea/ósea e interpretación inicial sin reemplazar protocolo clínico."
"U08-08","Logoaudiometría","8","8.8","covered","procedimental e interpretativa","habla, nivel, inteligibilidad","Conecta reconocimiento verbal con audición funcional."
"U08-09","Timpanometría","8","8.9","covered","procedimental e interpretativa","oído medio, presión, impedancia","Se vincula con función del sistema tímpano-osicular."
"U08-10","Acufenometría","8","8.10","covered","procedimental","tinnitus, frecuencia, nivel","Se presentan objetivos y limitaciones."
"U08-11","Potenciales evocados auditivos de tronco","8","8.11","covered","fisiológica e instrumental","transducción y vía auditiva","Usar PEAT/PEATC con término desarrollado."
"U08-12","Otoemisiones acústicas","8","8.12","covered","fisiológica e instrumental","CCE, cóclea","Se relacionan con función coclear, no con audición completa."
"U08-13","Electrococleografía","8","8.13","covered","fisiológica e instrumental","potenciales cocleares","Se delimita su función diagnóstica."
"U08-14","Audífonos","8","8.14","covered","tecnológica y rehabilitadora","espectro, ganancia, audición","Incluye procesamiento y adaptación general."
"U08-15","Implantes cocleares","8","8.15","covered","tecnológica y rehabilitadora","tonotopía, transducción, señal","Distingue estimulación eléctrica de amplificación."
"U08-X1","Trauma acústico, ototoxicidad, dispositivos osteointegrados y estimulación electroacústica","8","8.3; 8.6; 8.16","out_of_scope","ampliación clínica","fisiología auditiva","Material complementario relevante, sujeto a alcance docente."
"U09-01","Efecto de la distancia","9","9.2","covered","físico y de cálculo","U4: campo libre y niveles","Recupera condiciones y límites de la ley de distancia."
"U09-02","Direccionalidad de la fuente","9","9.3","covered","físico y gráfico","Q, DI, frecuencia","Relaciona patrón polar con longitud de onda y geometría."
"U09-03","Temperatura","9","9.4","covered","físico y aplicado","termodinámica y velocidad","Incluye gradientes y efectos atmosféricos."
"U09-04","Viento","9","9.4","covered","físico y aplicado","velocidad de propagación, gradientes","Se evita interpretarlo como simple arrastre uniforme."
"U09-05","Presión atmosférica","9","9.4","covered","conceptual","termodinámica","Se presenta con alcance acotado frente a temperatura y humedad."
"U09-06","Superficies, reflexión y absorción","9","9.5–9.7","covered","físico y de cálculo básico","energía, impedancia","Distingue coeficientes y condiciones."
"U09-07","Refracción en sólidos y en la atmósfera","9","9.8–9.9","covered","físico y geométrico","velocidad, ángulos, gradientes","Incluye interfaces y medios no uniformes."
"U09-08","Difracción y longitud de onda","9","9.10","covered","conceptual y aplicada","λ=c/f, obstáculos","Conecta escala geométrica con comportamiento."
"U09-09","Aislamiento acústico","9","9.11","covered","constructiva y metrológica","transmisión, nivel","Distinguir aislamiento de absorción."
"U09-10","Acondicionamiento e insonorización de salas","9","9.12–9.14","covered","aplicada e integradora","reflexión, absorción, reverberación","Se recomienda usar 'acondicionamiento' y 'aislamiento'; 'insonorización' puede ser ambiguo."
"U09-11","Cabinas audiométricas","9","9.15","covered","clínica y normativa","aislamiento, ruido de fondo","Incluye función y criterios generales."
"U09-12","Niveles máximos permisibles de ruido para audiometría","9","9.15","external_expansion","normativa","bandas de frecuencia, dB HL/SPL, transductor","El concepto está cubierto, pero una tabla numérica exige norma vigente, configuración de transductor, vía y jurisdicción."
"U09-X1","Tiempo de reverberación y fórmula de Sabine","9","9.12–9.13","out_of_scope","ampliación física y de cálculo","energía, logaritmos, absorción","Formaliza el concepto introducido en U7."
"U10-01","Tipos de ruido y clasificación","10","10.1–10.4","covered","clasificatoria, física y aplicada","señales, espectro, estadística básica","Incluye clasificación temporal y espectral."
"U10-02","Diferencia entre sonido y ruido","10","10.1","covered","conceptual y contextual","U4 y U7","Evita una separación puramente física: ruido también depende de tarea, contexto y efecto."
"U10-03","Ruido aleatorio","10","10.2–10.3","covered","estadística y espectral","promedio, varianza, espectro","Se explicita que aleatorio no significa sin estructura."
"U10-04","Ruido blanco","10","10.4","covered","espectral y aplicada","densidad espectral, bandas","Distinguir densidad por Hz de energía por banda."
"U10-05","Ruido rosa","10","10.4","covered","espectral y aplicada","octavas, densidad espectral","Se relaciona con energía aproximadamente constante por octava."
"U10-06","Ruido vocal","10","10.4","covered","terminológica y aplicada","espectro del habla","El libro adopta 'ruido con espectro de habla' o speech-shaped noise como término más preciso."
"U10-07","Ruido de banda estrecha","10","10.4","covered","espectral y aplicada","filtros, frecuencia central, ancho de banda","Usar NBN solo después de desarrollar el término."
"U10-08","Revisión de técnica de enmascaramiento","10","10.8","external_expansion","clínica introductoria","U7: enmascaramiento; U8: audiometría","Se cubren función, selección general y necesidad clínica; faltan protocolo completo, nivel inicial, efecto de oclusión, sobreenmascaramiento y método de meseta."
"U10-X1","Métricas estadísticas, densidad espectral de potencia, exposición y jerarquía de controles","10","10.2–10.7","out_of_scope","ampliación técnica y preventiva","estadística, Fourier, niveles","Amplía significativamente el programa y es útil para interpretar mediciones y prevención."
