t_ms,x_µm,ξ_µm,p_ac_Pa,V_V
0.0,10.0,2.0,0.2,0.5
0.004,9.99921044203816,1.9998420884076322,0.19998420884076323,0.49996052210190806
0.008,9.996841892833,1.9993683785665999,0.19993683785666,0.49984209464164997
0.012,9.992894726405892,1.9985789452811784,0.19985789452811786,0.4996447363202946
0.016,9.987369566060174,1.997473913212035,0.1997473913212035,0.49936847830300873
0.02,9.980267284282716,1.9960534568565431,0.19960534568565433,0.4990133642141358
0.024,9.97158900260614,1.9943178005212279,0.1994317800521228,0.49857945013030697
0.028,9.961336091431725,1.992267218286345,0.19922672182863452,0.49806680457158625
0.032,9.949510169813001,1.9899020339626003,0.19899020339626006,0.4974755084906501
0.036000000000000004,9.936113105200084,1.9872226210400168,0.19872226210400168,0.4968056552600042
0.04,9.921147013144779,1.9842294026289558,0.1984229402628956,0.49605735065723894
0.044,9.904614256966513,1.9809228513933024,0.19809228513933025,0.4952307128483256
0.048,9.886517447379141,1.9773034894758281,0.19773034894758282,0.49432587236895703
0.052000000000000005,9.866859442078681,1.973371888415736,0.1973371888415736,0.493342972103934
0.056,9.845643345292054,1.9691286690584107,0.1969128669058411,0.49228216726460267
0.06,9.822872507286887,1.9645745014573774,0.19645745014573776,0.49114362536434436
0.064,9.798550523842469,1.9597101047684937,0.1959710104768494,0.48992752619212343
0.068,9.772681235681935,1.954536247136387,0.1954536247136387,0.48863406178409674
0.07200000000000001,9.74526872786577,1.9490537455731543,0.19490537455731544,0.48726343639328856
0.076,9.71631732914674,1.943263465829348,0.1943263465829348,0.485815866457337
0.08,9.68583161128631,1.9371663222572622,0.19371663222572622,0.48429158056431554
0.084,9.65381638833274,1.9307632776665478,0.1930763277666548,0.48269081941663694
0.088,9.620276715860859,1.9240553431721719,0.1924055343172172,0.48101383579304297
0.092,9.585217890173759,1.9170435780347517,0.19170435780347517,0.4792608945086879
0.096,9.548645447466429,1.909729089493286,0.1909729089493286,0.4774322723733215
0.1,9.510565162951535,1.902113032590307,0.1902113032590307,0.47552825814757677
0.10400000000000001,9.470983049947442,1.8941966099894885,0.18941966099894886,0.4735491524973721
0.108,9.429905358928645,1.885981071785729,0.18859810717857292,0.47149526794643226
0.112,9.38733857653874,1.8774677153077481,0.18774677153077482,0.46936692882693704
0.116,9.34328942456612,1.868657884913224,0.1868657884913224,0.467164471228306
0.12,9.297764858882514,1.859552971776503,0.1859552971776503,0.46488824294412573
0.124,9.250772068344581,1.850154413668916,0.18501544136689163,0.462538603417229
0.128,9.202318473658703,1.8404636947317408,0.1840463694731741,0.4601159236829352
0.132,9.152411726209175,1.830482345241835,0.1830482345241835,0.45762058631045877
0.136,9.101059706849956,1.8202119413699913,0.18202119413699913,0.45505298534249783
0.14,9.048270524660197,1.8096541049320392,0.18096541049320392,0.4524135262330098
0.14400000000000002,8.99405251566371,1.7988105031327422,0.17988105031327423,0.44970262578318554
0.148,8.938414241512637,1.7876828483025275,0.17876828483025275,0.4469207120756319
0.152,8.881364488135446,1.7762728976270892,0.17762728976270892,0.4440682244067723
0.156,8.822912264349533,1.7645824528699066,0.17645824528699067,0.44114561321747664
0.16,8.763066800438637,1.7526133600877272,0.17526133600877272,0.4381533400219318
0.164,8.701837546695257,1.7403675093390514,0.17403675093390514,0.43509187733476284
0.168,8.639234171928353,1.7278468343856705,0.17278468343856707,0.43196170859641764
0.17200000000000001,8.575266561936521,1.7150533123873044,0.17150533123873046,0.4287633280968261
0.176,8.50994481794692,1.701988963589384,0.1701988963589384,0.425497240897346
0.18,8.443279255020151,1.6886558510040304,0.16886558510040306,0.4221639627510076
0.184,8.375280400421417,1.6750560800842835,0.16750560800842837,0.4187640200210709
0.188,8.305958991958127,1.6611917983916253,0.16611917983916255,0.41529794959790634
0.192,8.235325976284274,1.647065195256855,0.1647065195256855,0.4117662988142137
0.196,8.163392507171839,1.6326785014343679,0.1632678501434368,0.40816962535859197
0.2,8.090169943749475,1.618033988749895,0.1618033988749895,0.4045084971874737
0.20400000000000001,8.015669848708766,1.6031339697417533,0.16031339697417535,0.4007834924354383
0.20800000000000002,7.9399039864783525,1.5879807972956705,0.15879807972956705,0.39699519932391764
0.212,7.86288432136619,1.572576864273238,0.15725768642732382,0.3931442160683095
0.216,7.784623015670235,1.556924603134047,0.1556924603134047,0.3892311507835117
0.22,7.705132427757892,1.5410264855515785,0.15410264855515787,0.3852566213878946
0.224,7.624425110114479,1.5248850220228958,0.1524885022022896,0.38122125550572394
0.228,7.542513807361039,1.5085027614722077,0.1508502761472208,0.37712569036805194
0.232,7.459411454241821,1.4918822908483642,0.14918822908483642,0.37297057271209105
0.23600000000000002,7.375131173581739,1.4750262347163479,0.1475026234716348,0.36875655867908697
0.24,7.289686274214116,1.457937254842823,0.14579372548428232,0.3644843137107058
0.244,7.20309024887907,1.4406180497758139,0.1440618049775814,0.36015451244395347
0.248,7.115356772092854,1.4230713544185707,0.14230713544185708,0.35576783860464267
0.252,7.026499697988493,1.4052999395976986,0.14052999395976987,0.35132498489942465
0.256,6.936533058128049,1.3873066116256099,0.138730661162561,0.34682665290640247
0.26,6.845471059286887,1.3690942118573775,0.13690942118573776,0.34227355296434436
0.264,6.753328081210244,1.3506656162420487,0.13506656162420488,0.3376664040605122
0.268,6.660118674342516,1.3320237348685031,0.13320237348685032,0.3330059337171258
0.272,6.565857557529564,1.3131715115059128,0.13131715115059128,0.3282928778764782
0.276,6.470559615694444,1.2941119231388887,0.12941119231388887,0.32352798078472217
0.28,6.3742398974868975,1.2748479794973795,0.12748479794973797,0.3187119948743449
0.28400000000000003,6.276913612907005,1.255382722581401,0.1255382722581401,0.31384568064535023
0.28800000000000003,6.178596130903343,1.2357192261806687,0.12357192261806688,0.30892980654516716
0.292,6.079302976946055,1.215860595389211,0.1215860595389211,0.30396514884730275
0.296,5.979049830575191,1.195809966115038,0.11958099661150381,0.2989524915287595
0.3,5.877852522924733,1.1755705045849465,0.11755705045849466,0.2938926261462366
0.304,5.775727034222676,1.1551454068445353,0.11551454068445353,0.2887863517111338
0.308,5.672689491267566,1.1345378982535133,0.11345378982535133,0.2836344745633783
0.312,5.568756164881881,1.1137512329763761,0.11137512329763762,0.27843780824409403
0.316,5.463943467342691,1.0927886934685382,0.10927886934685382,0.27319717336713456
0.32,5.3582679497899655,1.071653589957993,0.10716535899579932,0.2679133974894983
0.324,5.251746299612957,1.0503492599225914,0.10503492599225915,0.26258731498064786
0.328,5.144395337815066,1.0288790675630133,0.10288790675630133,0.2572197668907533
0.332,5.036232016357607,1.0072464032715214,0.10072464032715214,0.25181160081788034
0.336,4.927273415482915,0.9854546830965831,0.09854546830965832,0.24636367077414578
0.34,4.817536741017153,0.9635073482034306,0.09635073482034306,0.24087683705085766
0.34400000000000003,4.707039321653325,0.941407864330665,0.0941407864330665,0.23535196608266626
0.34800000000000003,4.5957986062148795,0.9191597212429758,0.09191597212429758,0.22978993031074396
0.352,4.483832160900325,0.8967664321800649,0.0896766432180065,0.22419160804501623
0.356,4.37115766650933,0.874231533301866,0.0874231533301866,0.2185578833254665
0.36,4.257792915650728,0.8515585831301457,0.08515585831301457,0.2128896457825364
0.364,4.143755809932842,0.8287511619865685,0.08287511619865685,0.20718779049664213
0.368,4.029064357136627,0.8058128714273254,0.08058128714273255,0.20145321785683135
0.372,3.9137366683720254,0.7827473336744051,0.07827473336744051,0.19568683341860127
0.376,3.797790955218013,0.7595581910436027,0.07595581910436028,0.18988954776090067
0.38,3.6812455268467787,0.7362491053693557,0.07362491053693558,0.18406227634233893
0.384,3.5641187871325073,0.7128237574265015,0.07128237574265016,0.17820593935662538
0.388,3.4464292317451717,0.6892858463490343,0.06892858463490344,0.17232146158725858
0.392,3.3281954452298668,0.6656390890459734,0.06656390890459733,0.16640977226149334
0.396,3.2094360980720964,0.6418872196144193,0.06418872196144193,0.16047180490360483
0.4,3.0901699437494745,0.6180339887498949,0.06180339887498949,0.15450849718747373
0.404,2.9704158157703486,0.5940831631540697,0.059408316315406974,0.14852079078851743
0.40800000000000003,2.8501926246997615,0.5700385249399523,0.057003852493995234,0.14250963123498808
0.41200000000000003,2.7295193551732537,0.5459038710346508,0.05459038710346508,0.1364759677586627
0.41600000000000004,2.6084150628989677,0.5216830125797935,0.05216830125797936,0.1304207531449484
0.42,2.48689887164855,0.4973797743297099,0.049737977432970995,0.12434494358242748
0.424,2.3649899702372497,0.47299799404744997,0.047299799404745,0.11824949851186249
0.428,2.2427076094938116,0.44854152189876234,0.044854152189876234,0.11213538047469059
0.432,2.1200710992205476,0.4240142198441095,0.04240142198441095,0.10600355496102737
0.436,1.9970998051440723,0.39941996102881444,0.03994199610288145,0.09985499025720361
0.44,1.8738131458572473,0.3747626291714495,0.03747626291714495,0.09369065729286237
0.444,1.7502305897527604,0.35004611795055207,0.03500461179505521,0.08751152948763802
0.448,1.6263716519488371,0.32527433038976744,0.03252743303897675,0.08131858259744186
0.452,1.5022558912075707,0.3004511782415141,0.030045117824151413,0.07511279456037853
0.456,1.377902906846382,0.2755805813692764,0.02755805813692764,0.0688951453423191
0.46,1.2533323356430448,0.25066646712860896,0.025066646712860897,0.06266661678215224
0.464,1.128563848734816,0.2257127697469632,0.02257127697469632,0.0564281924367408
0.468,1.003617148512149,0.20072342970242982,0.020072342970242983,0.050180857425607454
0.47200000000000003,0.8785119655074332,0.17570239310148664,0.017570239310148665,0.04392559827537166
0.47600000000000003,0.7532680552793275,0.1506536110558655,0.015065361105586551,0.037663402763966375
0.48,0.6279051952931353,0.12558103905862705,0.012558103905862705,0.03139525976465676
0.484,0.5024431817976982,0.10048863635953964,0.010048863635953965,0.02512215908988491
0.488,0.3769018266993469,0.07538036533986939,0.007538036533986939,0.018845091334967347
0.492,0.2513009544333753,0.05026019088667506,0.005026019088667507,0.012565047721668766
0.496,0.12566039883352775,0.02513207976670555,0.002513207976670555,0.006283019941676388
0.5,6.123233995736766e-16,1.2246467991473532e-16,1.2246467991473533e-17,3.061616997868383e-17
0.504,-0.1256603988335243,-0.02513207976670486,-0.002513207976670486,-0.006283019941676215
0.508,-0.25130095443337186,-0.05026019088667437,-0.005026019088667438,-0.012565047721668592
0.512,-0.37690182669934574,-0.07538036533986915,-0.007538036533986915,-0.018845091334967288
0.516,-0.5024431817976948,-0.10048863635953895,-0.010048863635953895,-0.025122159089884737
0.52,-0.6279051952931318,-0.12558103905862636,-0.012558103905862636,-0.03139525976465659
0.524,-0.7532680552793263,-0.15065361105586525,-0.015065361105586525,-0.03766340276396631
0.528,-0.8785119655074319,-0.1757023931014864,-0.01757023931014864,-0.0439255982753716
0.532,-1.003617148512148,-0.20072342970242957,-0.02007234297024296,-0.05018085742560739
0.536,-1.1285638487348169,-0.2257127697469634,-0.02257127697469634,-0.05642819243674085
0.54,-1.2533323356430415,-0.2506664671286083,-0.02506664671286083,-0.06266661678215207
0.544,-1.3779029068463804,-0.2755805813692761,-0.02755805813692761,-0.06889514534231903
0.548,-1.5022558912075714,-0.3004511782415143,-0.03004511782415143,-0.07511279456037857
0.552,-1.6263716519488358,-0.32527433038976716,-0.03252743303897672,-0.08131858259744179
0.556,-1.7502305897527592,-0.35004611795055185,-0.035004611795055186,-0.08751152948763796
0.56,-1.873813145857246,-0.3747626291714492,-0.03747626291714492,-0.0936906572928623
0.5640000000000001,-1.9970998051440711,-0.3994199610288142,-0.039941996102881426,-0.09985499025720355
0.5680000000000001,-2.120071099220546,-0.4240142198441092,-0.04240142198441092,-0.1060035549610273
0.5720000000000001,-2.2427076094938125,-0.4485415218987625,-0.044854152189876255,-0.11213538047469063
0.5760000000000001,-2.3649899702372466,-0.4729979940474493,-0.047299799404744935,-0.11824949851186232
0.58,-2.486898871648544,-0.4973797743297088,-0.049737977432970884,-0.1243449435824272
0.584,-2.608415062898967,-0.5216830125797933,-0.05216830125797933,-0.13042075314494833
0.588,-2.7295193551732506,-0.5459038710346501,-0.05459038710346501,-0.13647596775866253
0.592,-2.8501926246997584,-0.5700385249399517,-0.05700385249399517,-0.14250963123498792
0.596,-2.9704158157703473,-0.5940831631540695,-0.05940831631540695,-0.14852079078851738
0.6,-3.090169943749471,-0.6180339887498942,-0.061803398874989424,-0.15450849718747356
0.604,-3.2094360980720933,-0.6418872196144186,-0.06418872196144186,-0.16047180490360466
0.608,-3.3281954452298654,-0.6656390890459731,-0.06656390890459732,-0.16640977226149328
0.612,-3.446429231745169,-0.6892858463490338,-0.06892858463490338,-0.17232146158725845
0.616,-3.564118787132504,-0.7128237574265008,-0.07128237574265009,-0.1782059393566252
0.62,-3.6812455268467774,-0.7362491053693555,-0.07362491053693555,-0.18406227634233888
0.624,-3.79779095521801,-0.759558191043602,-0.07595581910436021,-0.1898895477609005
0.628,-3.913736668372022,-0.7827473336744044,-0.07827473336744045,-0.1956868334186011
0.632,-4.029064357136626,-0.8058128714273252,-0.08058128714273252,-0.2014532178568313
0.636,-4.1437558099328395,-0.8287511619865678,-0.08287511619865678,-0.20718779049664196
0.64,-4.257792915650727,-0.8515585831301454,-0.08515585831301455,-0.21288964578253636
0.644,-4.371157666509327,-0.8742315333018654,-0.08742315333018655,-0.21855788332546636
0.648,-4.483832160900321,-0.8967664321800642,-0.08967664321800643,-0.22419160804501606
0.652,-4.595798606214878,-0.9191597212429756,-0.09191597212429757,-0.2297899303107439
0.656,-4.707039321653323,-0.9414078643306645,-0.09414078643306645,-0.23535196608266612
0.66,-4.81753674101715,-0.9635073482034301,-0.09635073482034301,-0.24087683705085752
0.664,-4.927273415482919,-0.9854546830965837,-0.09854546830965838,-0.24636367077414592
0.668,-5.036232016357608,-1.0072464032715216,-0.10072464032715217,-0.2518116008178804
0.672,-5.144395337815065,-1.028879067563013,-0.10288790675630131,-0.25721976689075327
0.676,-5.251746299612958,-1.0503492599225916,-0.10503492599225916,-0.2625873149806479
0.68,-5.358267949789965,-1.0716535899579929,-0.10716535899579929,-0.2679133974894982
0.684,-5.46394346734269,-1.092788693468538,-0.10927886934685381,-0.2731971733671345
0.6880000000000001,-5.568756164881881,-1.1137512329763761,-0.11137512329763762,-0.27843780824409403
0.6920000000000001,-5.672689491267563,-1.1345378982535126,-0.11345378982535126,-0.28363447456337815
0.6960000000000001,-5.775727034222674,-1.1551454068445348,-0.11551454068445349,-0.2887863517111337
0.7000000000000001,-5.877852522924734,-1.1755705045849467,-0.11755705045849468,-0.2938926261462367
0.704,-5.979049830575185,-1.195809966115037,-0.1195809966115037,-0.29895249152875925
0.708,-6.079302976946051,-1.2158605953892103,-0.12158605953892104,-0.3039651488473026
0.712,-6.178596130903342,-1.2357192261806684,-0.12357192261806685,-0.3089298065451671
0.716,-6.276913612907,-1.2553827225814,-0.12553827225814002,-0.31384568064535
0.72,-6.374239897486894,-1.2748479794973788,-0.12748479794973788,-0.3187119948743447
0.724,-6.47055961569444,-1.294111923138888,-0.1294111923138888,-0.323527980784722
0.728,-6.565857557529563,-1.3131715115059126,-0.13131715115059125,-0.32829287787647815
0.732,-6.660118674342516,-1.3320237348685031,-0.13320237348685032,-0.3330059337171258
0.736,-6.753328081210244,-1.3506656162420487,-0.13506656162420488,-0.3376664040605122
0.74,-6.845471059286884,-1.3690942118573768,-0.13690942118573768,-0.3422735529643442
0.744,-6.936533058128047,-1.3873066116256094,-0.13873066116256094,-0.34682665290640236
0.748,-7.026499697988491,-1.4052999395976982,-0.1405299939597698,-0.35132498489942454
0.752,-7.11535677209285,-1.42307135441857,-0.142307135441857,-0.3557678386046425
0.756,-7.203090248879066,-1.4406180497758132,-0.14406180497758134,-0.3601545124439533
0.76,-7.289686274214117,-1.4579372548428233,-0.14579372548428235,-0.36448431371070583
0.764,-7.375131173581738,-1.4750262347163476,-0.14750262347163476,-0.3687565586790869
0.768,-7.459411454241821,-1.4918822908483642,-0.14918822908483642,-0.37297057271209105
0.772,-7.542513807361039,-1.5085027614722077,-0.1508502761472208,-0.37712569036805194
0.776,-7.624425110114476,-1.5248850220228953,-0.15248850220228954,-0.38122125550572383
0.78,-7.705132427757891,-1.5410264855515783,-0.15410264855515785,-0.38525662138789457
0.784,-7.784623015670233,-1.5569246031340467,-0.15569246031340467,-0.38923115078351167
0.788,-7.862884321366187,-1.5725768642732374,-0.15725768642732374,-0.39314421606830935
0.792,-7.939903986478352,-1.5879807972956703,-0.15879807972956705,-0.3969951993239176
0.796,-8.015669848708768,-1.6031339697417535,-0.16031339697417535,-0.40078349243543837
0.8,-8.090169943749473,-1.6180339887498947,-0.16180339887498948,-0.40450849718747367
0.804,-8.163392507171839,-1.6326785014343679,-0.1632678501434368,-0.40816962535859197
0.808,-8.235325976284274,-1.647065195256855,-0.1647065195256855,-0.4117662988142137
0.812,-8.305958991958125,-1.6611917983916251,-0.16611917983916252,-0.4152979495979063
0.8160000000000001,-8.375280400421417,-1.6750560800842833,-0.16750560800842834,-0.4187640200210708
0.8200000000000001,-8.443279255020151,-1.6886558510040302,-0.16886558510040303,-0.42216396275100754
0.8240000000000001,-8.509944817946916,-1.7019889635893835,-0.17019889635893837,-0.42549724089734586
0.8280000000000001,-8.575266561936523,-1.7150533123873046,-0.17150533123873046,-0.42876332809682616
0.8320000000000001,-8.639234171928354,-1.727846834385671,-0.17278468343856712,-0.43196170859641775
0.836,-8.701837546695256,-1.740367509339051,-0.1740367509339051,-0.43509187733476273
0.84,-8.763066800438635,-1.752613360087727,-0.1752613360087727,-0.43815334002193174
0.844,-8.822912264349531,-1.7645824528699063,-0.17645824528699064,-0.4411456132174766
0.848,-8.881364488135443,-1.7762728976270885,-0.17762728976270886,-0.4440682244067721
0.852,-8.938414241512636,-1.787682848302527,-0.17876828483025273,-0.4469207120756318
0.856,-8.99405251566371,-1.7988105031327422,-0.17988105031327423,-0.44970262578318554
0.86,-9.048270524660193,-1.8096541049320387,-0.1809654104932039,-0.4524135262330097
0.864,-9.101059706849956,-1.8202119413699913,-0.18202119413699913,-0.45505298534249783
0.868,-9.152411726209175,-1.830482345241835,-0.1830482345241835,-0.45762058631045877
0.872,-9.202318473658702,-1.8404636947317403,-0.18404636947317404,-0.4601159236829351
0.876,-9.25077206834458,-1.8501544136689159,-0.1850154413668916,-0.46253860341722897
0.88,-9.297764858882513,-1.8595529717765027,-0.18595529717765027,-0.4648882429441257
0.884,-9.34328942456612,-1.8686578849132238,-0.1868657884913224,-0.46716447122830596
0.888,-9.38733857653874,-1.8774677153077481,-0.18774677153077482,-0.46936692882693704
0.892,-9.429905358928645,-1.885981071785729,-0.18859810717857292,-0.47149526794643226
0.896,-9.470983049947442,-1.8941966099894885,-0.18941966099894886,-0.4735491524973721
0.9,-9.510565162951535,-1.902113032590307,-0.1902113032590307,-0.47552825814757677
0.904,-9.548645447466429,-1.909729089493286,-0.1909729089493286,-0.4774322723733215
0.908,-9.585217890173759,-1.9170435780347517,-0.19170435780347517,-0.4792608945086879
0.912,-9.620276715860857,-1.9240553431721716,-0.1924055343172172,-0.4810138357930429
0.916,-9.65381638833274,-1.9307632776665478,-0.1930763277666548,-0.48269081941663694
0.92,-9.685831611286309,-1.937166322257262,-0.19371663222572622,-0.4842915805643155
0.924,-9.71631732914674,-1.943263465829348,-0.1943263465829348,-0.485815866457337
0.928,-9.745268727865772,-1.9490537455731545,-0.19490537455731546,-0.4872634363932886
0.932,-9.772681235681935,-1.954536247136387,-0.1954536247136387,-0.48863406178409674
0.936,-9.798550523842469,-1.9597101047684937,-0.1959710104768494,-0.48992752619212343
0.9400000000000001,-9.822872507286887,-1.9645745014573774,-0.19645745014573776,-0.49114362536434436
0.9440000000000001,-9.845643345292054,-1.9691286690584107,-0.1969128669058411,-0.49228216726460267
0.9480000000000001,-9.866859442078681,-1.973371888415736,-0.1973371888415736,-0.493342972103934
0.9520000000000001,-9.88651744737914,-1.977303489475828,-0.1977303489475828,-0.494325872368957
0.9560000000000001,-9.904614256966513,-1.9809228513933024,-0.19809228513933025,-0.4952307128483256
0.96,-9.921147013144777,-1.9842294026289555,-0.19842294026289556,-0.4960573506572389
0.964,-9.936113105200084,-1.9872226210400168,-0.19872226210400168,-0.4968056552600042
0.968,-9.949510169813001,-1.9899020339626001,-0.19899020339626003,-0.49747550849065003
0.972,-9.961336091431724,-1.9922672182863448,-0.1992267218286345,-0.4980668045715862
0.976,-9.97158900260614,-1.9943178005212279,-0.1994317800521228,-0.49857945013030697
0.98,-9.980267284282716,-1.9960534568565431,-0.19960534568565433,-0.4990133642141358
0.984,-9.987369566060174,-1.997473913212035,-0.1997473913212035,-0.49936847830300873
0.988,-9.992894726405892,-1.9985789452811784,-0.19985789452811786,-0.4996447363202946
0.992,-9.996841892833,-1.9993683785665999,-0.19993683785666,-0.49984209464164997
0.996,-9.99921044203816,-1.9998420884076322,-0.19998420884076323,-0.49996052210190806
1.0,-10.0,-2.0,-0.2,-0.5
1.004,-9.99921044203816,-1.9998420884076322,-0.19998420884076323,-0.49996052210190806
1.008,-9.996841892833,-1.9993683785665999,-0.19993683785666,-0.49984209464164997
1.012,-9.992894726405892,-1.9985789452811784,-0.19985789452811786,-0.4996447363202946
1.016,-9.987369566060176,-1.9974739132120352,-0.19974739132120353,-0.4993684783030088
1.02,-9.980267284282716,-1.9960534568565431,-0.19960534568565433,-0.4990133642141358
1.024,-9.97158900260614,-1.9943178005212279,-0.1994317800521228,-0.49857945013030697
1.028,-9.961336091431725,-1.992267218286345,-0.19922672182863452,-0.49806680457158625
1.032,-9.949510169813001,-1.9899020339626003,-0.19899020339626006,-0.4974755084906501
1.036,-9.936113105200084,-1.9872226210400168,-0.19872226210400168,-0.4968056552600042
1.04,-9.921147013144779,-1.9842294026289558,-0.1984229402628956,-0.49605735065723894
1.044,-9.904614256966513,-1.9809228513933026,-0.19809228513933028,-0.49523071284832565
1.048,-9.886517447379141,-1.9773034894758281,-0.19773034894758282,-0.49432587236895703
1.052,-9.866859442078681,-1.973371888415736,-0.1973371888415736,-0.493342972103934
1.056,-9.845643345292054,-1.9691286690584107,-0.1969128669058411,-0.49228216726460267
1.06,-9.822872507286887,-1.9645745014573772,-0.19645745014573773,-0.4911436253643443
1.064,-9.798550523842469,-1.9597101047684937,-0.1959710104768494,-0.48992752619212343
1.068,-9.772681235681935,-1.954536247136387,-0.1954536247136387,-0.48863406178409674
1.072,-9.74526872786577,-1.9490537455731543,-0.19490537455731544,-0.48726343639328856
1.076,-9.71631732914674,-1.943263465829348,-0.1943263465829348,-0.485815866457337
1.08,-9.685831611286313,-1.9371663222572624,-0.19371663222572624,-0.4842915805643156
1.084,-9.65381638833274,-1.9307632776665478,-0.1930763277666548,-0.48269081941663694
1.088,-9.620276715860859,-1.9240553431721719,-0.1924055343172172,-0.48101383579304297
1.092,-9.585217890173759,-1.9170435780347517,-0.19170435780347517,-0.4792608945086879
1.096,-9.548645447466429,-1.909729089493286,-0.1909729089493286,-0.4774322723733215
1.1,-9.510565162951536,-1.9021130325903073,-0.19021130325903074,-0.4755282581475768
1.104,-9.470983049947444,-1.8941966099894887,-0.18941966099894889,-0.47354915249737217
1.108,-9.429905358928645,-1.8859810717857288,-0.1885981071785729,-0.4714952679464322
1.112,-9.387338576538742,-1.8774677153077484,-0.18774677153077485,-0.4693669288269371
1.116,-9.343289424566121,-1.8686578849132243,-0.18686578849132243,-0.46716447122830607
1.12,-9.297764858882514,-1.859552971776503,-0.1859552971776503,-0.46488824294412573
1.124,-9.250772068344581,-1.850154413668916,-0.18501544136689163,-0.462538603417229
1.1280000000000001,-9.202318473658703,-1.8404636947317405,-0.18404636947317407,-0.46011592368293514
1.1320000000000001,-9.152411726209174,-1.8304823452418348,-0.1830482345241835,-0.4576205863104587
1.1360000000000001,-9.101059706849956,-1.8202119413699913,-0.18202119413699913,-0.45505298534249783
1.1400000000000001,-9.048270524660195,-1.809654104932039,-0.18096541049320392,-0.45241352623300973
1.1440000000000001,-8.994052515663709,-1.798810503132742,-0.1798810503132742,-0.4497026257831855
1.1480000000000001,-8.938414241512639,-1.7876828483025278,-0.17876828483025278,-0.44692071207563194
1.1520000000000001,-8.881364488135446,-1.7762728976270892,-0.17762728976270892,-0.4440682244067723
1.156,-8.822912264349535,-1.764582452869907,-0.17645824528699072,-0.44114561321747675
1.16,-8.76306680043864,-1.7526133600877278,-0.1752613360087728,-0.43815334002193196
1.164,-8.70183754669526,-1.740367509339052,-0.17403675093390522,-0.435091877334763
1.168,-8.639234171928356,-1.7278468343856712,-0.17278468343856712,-0.4319617085964178
1.172,-8.575266561936527,-1.7150533123873055,-0.17150533123873057,-0.4287633280968264
1.176,-8.50994481794692,-1.7019889635893841,-0.17019889635893842,-0.42549724089734603
1.18,-8.443279255020151,-1.6886558510040304,-0.16886558510040306,-0.4221639627510076
1.184,-8.37528040042142,-1.675056080084284,-0.1675056080084284,-0.418764020021071
1.188,-8.305958991958128,-1.6611917983916258,-0.16611917983916258,-0.41529794959790645
1.192,-8.235325976284276,-1.6470651952568554,-0.16470651952568555,-0.41176629881421384
1.196,-8.163392507171844,-1.6326785014343688,-0.1632678501434369,-0.4081696253585922
1.2,-8.090169943749478,-1.6180339887498956,-0.16180339887498957,-0.4045084971874739
1.204,-8.015669848708768,-1.6031339697417537,-0.16031339697417538,-0.4007834924354384
1.208,-7.939903986478356,-1.5879807972956712,-0.15879807972956714,-0.3969951993239178
1.212,-7.86288432136619,-1.572576864273238,-0.15725768642732382,-0.3931442160683095
1.216,-7.784623015670236,-1.5569246031340471,-0.15569246031340472,-0.3892311507835118
1.22,-7.705132427757896,-1.5410264855515792,-0.15410264855515793,-0.3852566213878948
1.224,-7.6244251101144815,-1.5248850220228962,-0.15248850220228963,-0.38122125550572405
1.228,-7.54251380736104,-1.508502761472208,-0.1508502761472208,-0.377125690368052
1.232,-7.459411454241826,-1.491882290848365,-0.1491882290848365,-0.3729705727120913
1.236,-7.375131173581742,-1.4750262347163485,-0.14750262347163487,-0.36875655867908713
1.24,-7.289686274214119,-1.4579372548428238,-0.14579372548428238,-0.36448431371070594
1.244,-7.203090248879071,-1.440618049775814,-0.14406180497758142,-0.3601545124439535
1.248,-7.115356772092855,-1.423071354418571,-0.1423071354418571,-0.3557678386046427
1.252,-7.026499697988493,-1.4052999395976986,-0.14052999395976987,-0.35132498489942465
1.256,-6.936533058128052,-1.3873066116256105,-0.13873066116256105,-0.34682665290640263
1.26,-6.84547105928689,-1.369094211857378,-0.1369094211857378,-0.3422735529643445
1.264,-6.753328081210245,-1.3506656162420492,-0.1350665616242049,-0.3376664040605123
1.268,-6.66011867434252,-1.332023734868504,-0.1332023734868504,-0.333005933717126
1.272,-6.565857557529568,-1.3131715115059135,-0.13131715115059137,-0.3282928778764784
1.276,-6.470559615694443,-1.2941119231388885,-0.12941119231388884,-0.3235279807847221
1.28,-6.374239897486895,-1.274847979497379,-0.1274847979497379,-0.31871199487434476
1.284,-6.276913612907009,-1.2553827225814018,-0.12553827225814018,-0.31384568064535046
1.288,-6.1785961309033475,-1.2357192261806695,-0.12357192261806696,-0.3089298065451674
1.292,-6.079302976946057,-1.2158605953892114,-0.12158605953892115,-0.30396514884730286
1.296,-5.979049830575191,-1.195809966115038,-0.11958099661150381,-0.2989524915287595
1.3,-5.877852522924733,-1.1755705045849465,-0.11755705045849466,-0.2938926261462366
1.304,-5.775727034222676,-1.1551454068445353,-0.11551454068445353,-0.2887863517111338
1.308,-5.672689491267564,-1.1345378982535128,-0.11345378982535129,-0.2836344745633782
1.312,-5.568756164881886,-1.1137512329763772,-0.11137512329763773,-0.2784378082440943
1.316,-5.463943467342689,-1.0927886934685378,-0.10927886934685378,-0.27319717336713445
1.32,-5.358267949789971,-1.0716535899579942,-0.10716535899579943,-0.26791339748949855
1.324,-5.251746299612961,-1.050349259922592,-0.10503492599225922,-0.262587314980648
1.328,-5.14439533781506,-1.028879067563012,-0.1028879067563012,-0.257219766890753
1.332,-5.03623201635761,-1.007246403271522,-0.10072464032715221,-0.2518116008178805
1.336,-4.927273415482916,-0.9854546830965832,-0.09854546830965832,-0.2463636707741458
1.34,-4.817536741017153,-0.9635073482034305,-0.09635073482034306,-0.24087683705085763
1.344,-4.707039321653324,-0.9414078643306649,-0.0941407864330665,-0.23535196608266623
1.348,-4.595798606214884,-0.9191597212429768,-0.0919159721242977,-0.2297899303107442
1.352,-4.483832160900319,-0.8967664321800639,-0.08967664321800639,-0.22419160804501598
1.356,-4.371157666509333,-0.8742315333018666,-0.08742315333018667,-0.21855788332546666
1.36,-4.25779291565073,-0.8515585831301459,-0.08515585831301459,-0.21288964578253647
1.364,-4.143755809932835,-0.8287511619865671,-0.08287511619865671,-0.20718779049664177
1.368,-4.029064357136628,-0.8058128714273256,-0.08058128714273256,-0.2014532178568314
1.372,-3.9137366683720245,-0.7827473336744049,-0.0782747333674405,-0.1956868334186012
1.3760000000000001,-3.7977909552180105,-0.7595581910436021,-0.07595581910436022,-0.18988954776090053
1.3800000000000001,-3.6812455268467783,-0.7362491053693556,-0.07362491053693557,-0.1840622763423389
1.3840000000000001,-3.5641187871325126,-0.7128237574265025,-0.07128237574265026,-0.17820593935662563
1.3880000000000001,-3.446429231745167,-0.6892858463490333,-0.06892858463490334,-0.17232146158725833
1.3920000000000001,-3.32819544522987,-0.665639089045974,-0.0665639089045974,-0.1664097722614935
1.3960000000000001,-3.2094360980720977,-0.6418872196144195,-0.06418872196144196,-0.16047180490360488
1.4000000000000001,-3.0901699437494674,-0.6180339887498935,-0.06180339887498935,-0.15450849718747336
1.4040000000000001,-2.97041581577035,-0.59408316315407,-0.059408316315406995,-0.1485207907885175
1.408,-2.8501926246997695,-0.5700385249399539,-0.057003852493995394,-0.14250963123498847
1.412,-2.7295193551732595,-0.5459038710346519,-0.05459038710346519,-0.13647596775866297
1.416,-2.6084150628989757,-0.5216830125797951,-0.05216830125797951,-0.13042075314494878
1.42,-2.486898871648553,-0.4973797743297106,-0.049737977432971064,-0.12434494358242765
1.424,-2.364989970237251,-0.4729979940474502,-0.04729979940474502,-0.11824949851186255
1.428,-2.242707609493815,-0.448541521898763,-0.044854152189876303,-0.11213538047469075
1.432,-2.120071099220557,-0.4240142198441114,-0.042401421984411145,-0.10600355496102785
1.436,-1.9970998051440711,-0.3994199610288142,-0.039941996102881426,-0.09985499025720355
1.44,-1.873813145857255,-0.374762629171451,-0.0374762629171451,-0.09369065729286274
1.444,-1.7502305897527681,-0.3500461179505536,-0.03500461179505537,-0.0875115294876384
1.448,-1.6263716519488427,-0.32527433038976855,-0.03252743303897686,-0.08131858259744214
1.452,-1.502255891207576,-0.30045117824151524,-0.030045117824151524,-0.07511279456037881
1.456,-1.3779029068463853,-0.27558058136927704,-0.027558058136927705,-0.06889514534231926
1.46,-1.253332335643046,-0.2506664671286092,-0.02506664671286092,-0.0626666167821523
1.464,-1.1285638487348193,-0.22571276974696386,-0.022571276974696387,-0.056428192436740965
1.468,-1.0036171485121592,-0.20072342970243184,-0.020072342970243184,-0.05018085742560796
1.472,-0.878511965507432,-0.17570239310148641,-0.01757023931014864,-0.043925598275371604
1.476,-0.7532680552793354,-0.15065361105586708,-0.015065361105586709,-0.03766340276396677
1.48,-0.6279051952931409,-0.1255810390586282,-0.01255810390586282,-0.03139525976465705
1.484,-0.5024431817976928,-0.10048863635953856,-0.010048863635953857,-0.02512215908988464
1.488,-0.3769018266993504,-0.07538036533987008,-0.007538036533987009,-0.01884509133496752
1.492,-0.25130095443337874,-0.05026019088667575,-0.0050260190886675755,-0.012565047721668937
1.496,-0.12566039883352897,-0.025132079766705794,-0.0025132079766705794,-0.0062830199416764486
1.5,-1.8369701987210296e-15,-3.6739403974420594e-16,-3.6739403974420595e-17,-9.184850993605148e-17
1.504,0.12566039883351643,0.025132079766703286,0.0025132079766703288,0.0062830199416758215
1.508,0.2513009544333751,0.050260190886675014,0.005026019088667502,0.012565047721668754
1.512,0.37690182669933786,0.07538036533986757,0.007538036533986757,0.018845091334966892
1.516,0.5024431817976891,0.10048863635953782,0.010048863635953783,0.025122159089884456
1.52,0.6279051952931372,0.12558103905862744,0.012558103905862745,0.03139525976465686
1.524,0.753268055279323,0.15065361105586458,0.015065361105586459,0.037663402763966146
1.528,0.8785119655074285,0.1757023931014857,0.01757023931014857,0.04392559827537142
1.532,1.0036171485121468,0.20072342970242935,0.020072342970242935,0.050180857425607336
1.536,1.1285638487348157,0.22571276974696314,0.022571276974696314,0.056428192436740784
1.54,1.2533323356430335,0.2506664671286067,0.02506664671286067,0.06266661678215167
1.544,1.3779029068463817,0.2755805813692763,0.027558058136927632,0.06889514534231908
1.548,1.5022558912075636,0.30045117824151274,0.030045117824151275,0.07511279456037818
1.552,1.6263716519488303,0.32527433038976605,0.03252743303897661,0.08131858259744151
1.556,1.7502305897527646,0.3500461179505529,0.03500461179505529,0.08751152948763823
1.56,1.8738131458572427,0.37476262917144854,0.037476262917144856,0.09369065729286213
1.564,1.9970998051440674,0.3994199610288135,0.03994199610288135,0.09985499025720337
1.568,2.120071099220545,0.424014219844109,0.0424014219844109,0.10600355496102724
1.572,2.242707609493811,0.4485415218987623,0.044854152189876234,0.11213538047469057
1.576,2.3649899702372386,0.47299799404744775,0.047299799404744776,0.11824949851186194
1.58,2.4868988716485494,0.49737977432970987,0.04973797743297099,0.12434494358242747
1.584,2.6084150628989633,0.5216830125797927,0.05216830125797927,0.13042075314494816
1.588,2.729519355173247,0.5459038710346494,0.05459038710346495,0.13647596775866236
1.592,2.850192624699766,0.5700385249399532,0.057003852493995325,0.1425096312349883
1.596,2.9704158157703464,0.5940831631540693,0.05940831631540693,0.14852079078851732
1.6,3.0901699437494723,0.6180339887498945,0.06180339887498945,0.15450849718747361
1.604,3.209436098072094,0.6418872196144189,0.06418872196144189,0.16047180490360471
1.608,3.3281954452298668,0.6656390890459734,0.06656390890459733,0.16640977226149334
1.612,3.4464292317451632,0.6892858463490327,0.06892858463490327,0.17232146158725817
1.616,3.564118787132509,0.7128237574265018,0.07128237574265019,0.17820593935662546
1.62,3.6812455268467743,0.7362491053693548,0.07362491053693548,0.1840622763423387
1.624,3.797790955218007,0.7595581910436013,0.07595581910436014,0.18988954776090033
1.6280000000000001,3.9137366683720294,0.7827473336744059,0.07827473336744059,0.19568683341860146
1.6320000000000001,4.029064357136624,0.8058128714273249,0.0805812871427325,0.20145321785683123
1.6360000000000001,4.14375580993284,0.8287511619865681,0.08287511619865681,0.20718779049664202
1.6400000000000001,4.257792915650726,0.8515585831301452,0.08515585831301453,0.2128896457825363
1.6440000000000001,4.37115766650933,0.874231533301866,0.0874231533301866,0.2185578833254665
1.6480000000000001,4.483832160900317,0.8967664321800632,0.08967664321800634,0.2241916080450158
1.6520000000000001,4.595798606214881,0.9191597212429763,0.09191597212429764,0.22978993031074407
1.6560000000000001,4.707039321653329,0.9414078643306658,0.09414078643306659,0.23535196608266645
1.6600000000000001,4.8175367410171495,0.9635073482034299,0.096350734820343,0.24087683705085747
1.6640000000000001,4.927273415482921,0.9854546830965842,0.09854546830965843,0.24636367077414606
1.668,5.036232016357599,1.0072464032715198,0.10072464032715199,0.25181160081787995
1.672,5.144395337815056,1.0288790675630113,0.10288790675630113,0.2572197668907528
1.676,5.251746299612957,1.0503492599225914,0.10503492599225915,0.26258731498064786
1.68,5.35826794978996,1.071653589957992,0.10716535899579921,0.267913397489498
1.684,5.463943467342686,1.0927886934685371,0.10927886934685371,0.2731971733671343
1.688,5.568756164881876,1.1137512329763752,0.11137512329763753,0.2784378082440938
1.692,5.672689491267562,1.1345378982535124,0.11345378982535125,0.2836344745633781
1.696,5.775727034222666,1.1551454068445333,0.11551454068445333,0.2887863517111333
1.7,5.877852522924729,1.1755705045849458,0.11755705045849459,0.29389262614623646
1.704,5.97904983057518,1.195809966115036,0.11958099661150362,0.298952491528759
1.708,6.079302976946047,1.2158605953892094,0.12158605953892095,0.30396514884730236
1.712,6.178596130903344,1.2357192261806689,0.12357192261806689,0.3089298065451672
1.716,6.276913612906999,1.2553827225813998,0.12553827225814,0.31384568064534996
1.72,6.374239897486893,1.2748479794973786,0.12748479794973785,0.31871199487434465
1.724,6.47055961569444,1.294111923138888,0.1294111923138888,0.323527980784722
1.728,6.5658575575295615,1.3131715115059124,0.13131715115059125,0.3282928778764781
1.732,6.660118674342508,1.3320237348685016,0.13320237348685016,0.3330059337171254
1.736,6.753328081210244,1.3506656162420487,0.13506656162420488,0.3376664040605122
1.74,6.845471059286879,1.369094211857376,0.1369094211857376,0.342273552964344
1.744,6.9365330581280435,1.3873066116256088,0.1387306611625609,0.3468266529064022
1.748,7.026499697988493,1.4052999395976986,0.14052999395976987,0.35132498489942465
1.752,7.115356772092849,1.4230713544185698,0.142307135441857,0.35576783860464245
1.756,7.203090248879066,1.4406180497758132,0.14406180497758134,0.3601545124439533
1.76,7.289686274214112,1.4579372548428224,0.14579372548428224,0.3644843137107056
1.764,7.375131173581737,1.4750262347163474,0.14750262347163476,0.36875655867908685
1.768,7.459411454241814,1.4918822908483629,0.14918822908483628,0.3729705727120907
1.772,7.542513807361038,1.5085027614722075,0.15085027614722077,0.3771256903680519
1.776,7.624425110114479,1.5248850220228958,0.1524885022022896,0.38122125550572394
1.78,7.7051324277578885,1.5410264855515776,0.15410264855515776,0.3852566213878944
1.784,7.784623015670236,1.5569246031340471,0.15569246031340472,0.3892311507835118
1.788,7.862884321366186,1.5725768642732372,0.15725768642732374,0.3931442160683093
1.792,7.939903986478351,1.58798079729567,0.15879807972956703,0.3969951993239175
1.796,8.015669848708765,1.6031339697417528,0.1603133969741753,0.4007834924354382
1.8,8.090169943749473,1.6180339887498947,0.16180339887498948,0.40450849718747367
1.804,8.163392507171833,1.6326785014343668,0.1632678501434367,0.4081696253585917
1.808,8.235325976284274,1.647065195256855,0.1647065195256855,0.4117662988142137
1.812,8.305958991958127,1.6611917983916253,0.16611917983916255,0.41529794959790634
1.816,8.375280400421413,1.6750560800842826,0.1675056080084283,0.41876402002107066
1.82,8.443279255020151,1.6886558510040304,0.16886558510040306,0.4221639627510076
1.824,8.509944817946916,1.7019889635893832,0.17019889635893834,0.4254972408973458
1.828,8.575266561936521,1.7150533123873042,0.17150533123873044,0.42876332809682605
1.832,8.63923417192835,1.7278468343856703,0.17278468343856704,0.4319617085964176
1.836,8.701837546695256,1.7403675093390512,0.17403675093390514,0.4350918773347628
1.84,8.763066800438631,1.7526133600877263,0.17526133600877264,0.43815334002193157
1.844,8.822912264349533,1.7645824528699066,0.17645824528699067,0.44114561321747664
1.848,8.881364488135446,1.7762728976270892,0.17762728976270892,0.4440682244067723
1.852,8.938414241512636,1.787682848302527,0.17876828483025273,0.4469207120756318
1.856,8.994052515663713,1.7988105031327424,0.17988105031327425,0.4497026257831856
1.86,9.048270524660193,1.8096541049320387,0.1809654104932039,0.4524135262330097
1.864,9.101059706849956,1.820211941369991,0.18202119413699913,0.4550529853424978
1.868,9.152411726209175,1.830482345241835,0.1830482345241835,0.45762058631045877
1.872,9.202318473658703,1.8404636947317405,0.18404636947317407,0.46011592368293514
1.8760000000000001,9.250772068344578,1.8501544136689154,0.18501544136689155,0.46253860341722886
1.8800000000000001,9.297764858882514,1.859552971776503,0.1859552971776503,0.46488824294412573
1.8840000000000001,9.343289424566121,1.8686578849132243,0.18686578849132243,0.46716447122830607
1.8880000000000001,9.387338576538738,1.8774677153077477,0.1877467715307748,0.4693669288269369
1.8920000000000001,9.429905358928647,1.8859810717857293,0.18859810717857295,0.4714952679464323
1.8960000000000001,9.470983049947442,1.8941966099894882,0.18941966099894883,0.47354915249737206
1.9000000000000001,9.510565162951535,1.902113032590307,0.1902113032590307,0.47552825814757677
1.9040000000000001,9.548645447466429,1.909729089493286,0.1909729089493286,0.4774322723733215
1.9080000000000001,9.585217890173759,1.9170435780347517,0.19170435780347517,0.4792608945086879
1.9120000000000001,9.620276715860857,1.9240553431721714,0.19240553431721716,0.48101383579304285
1.9160000000000001,9.65381638833274,1.9307632776665478,0.1930763277666548,0.48269081941663694
1.92,9.685831611286309,1.937166322257262,0.19371663222572622,0.4842915805643155
1.924,9.716317329146737,1.9432634658293473,0.19432634658293474,0.4858158664573368
1.928,9.74526872786577,1.949053745573154,0.1949053745573154,0.4872634363932885
1.932,9.772681235681933,1.9545362471363867,0.1954536247136387,0.4886340617840967
1.936,9.798550523842467,1.9597101047684933,0.19597101047684934,0.4899275261921233
1.94,9.822872507286887,1.9645745014573774,0.19645745014573776,0.49114362536434436
1.944,9.845643345292052,1.9691286690584104,0.19691286690584106,0.4922821672646026
1.948,9.86685944207868,1.9733718884157359,0.19733718884157359,0.49334297210393396
1.952,9.88651744737914,1.977303489475828,0.1977303489475828,0.494325872368957
1.956,9.904614256966513,1.9809228513933024,0.19809228513933025,0.4952307128483256
1.96,9.921147013144777,1.9842294026289553,0.19842294026289553,0.4960573506572388
1.964,9.936113105200084,1.9872226210400168,0.19872226210400168,0.4968056552600042
1.968,9.949510169813001,1.9899020339626003,0.19899020339626006,0.4974755084906501
1.972,9.961336091431724,1.9922672182863448,0.1992267218286345,0.4980668045715862
1.976,9.97158900260614,1.9943178005212279,0.1994317800521228,0.49857945013030697
1.98,9.980267284282716,1.9960534568565431,0.19960534568565433,0.4990133642141358
1.984,9.987369566060174,1.997473913212035,0.1997473913212035,0.49936847830300873
1.988,9.992894726405892,1.9985789452811784,0.19985789452811786,0.4996447363202946
1.992,9.996841892833,1.9993683785665999,0.19993683785666,0.49984209464164997
1.996,9.99921044203816,1.9998420884076322,0.19998420884076323,0.49996052210190806
2.0,10.0,2.0,0.2,0.5
2.004,9.99921044203816,1.9998420884076322,0.19998420884076323,0.49996052210190806
2.008,9.996841892833,1.9993683785666,0.19993683785666003,0.49984209464165
2.012,9.992894726405892,1.9985789452811784,0.19985789452811786,0.4996447363202946
2.016,9.987369566060176,1.9974739132120352,0.19974739132120353,0.4993684783030088
2.02,9.980267284282716,1.9960534568565431,0.19960534568565433,0.4990133642141358
2.024,9.97158900260614,1.9943178005212279,0.1994317800521228,0.49857945013030697
2.028,9.961336091431725,1.992267218286345,0.19922672182863452,0.49806680457158625
2.032,9.949510169813003,1.9899020339626006,0.19899020339626006,0.49747550849065014
2.036,9.936113105200084,1.9872226210400168,0.19872226210400168,0.4968056552600042
2.04,9.921147013144779,1.9842294026289558,0.1984229402628956,0.49605735065723894
2.044,9.904614256966513,1.9809228513933026,0.19809228513933028,0.49523071284832565
2.048,9.88651744737914,1.977303489475828,0.1977303489475828,0.494325872368957
2.052,9.866859442078681,1.9733718884157363,0.19733718884157364,0.4933429721039341
2.056,9.845643345292054,1.9691286690584109,0.1969128669058411,0.4922821672646027
2.06,9.822872507286887,1.9645745014573774,0.19645745014573776,0.49114362536434436
2.064,9.79855052384247,1.959710104768494,0.1959710104768494,0.4899275261921235
2.068,9.772681235681937,1.9545362471363874,0.19545362471363875,0.48863406178409685
2.072,9.74526872786577,1.9490537455731543,0.19490537455731544,0.48726343639328856
2.076,9.71631732914674,1.943263465829348,0.1943263465829348,0.485815866457337
2.08,9.685831611286313,1.9371663222572626,0.19371663222572627,0.48429158056431565
2.084,9.65381638833274,1.9307632776665478,0.1930763277666548,0.48269081941663694
2.088,9.62027671586086,1.924055343172172,0.19240553431721721,0.481013835793043
2.092,9.58521789017376,1.9170435780347521,0.19170435780347522,0.47926089450868803
2.096,9.54864544746643,1.9097290894932861,0.1909729089493286,0.47743227237332153
2.1,9.510565162951536,1.9021130325903073,0.19021130325903074,0.4755282581475768
2.104,9.470983049947444,1.8941966099894887,0.18941966099894889,0.47354915249737217
2.108,9.429905358928645,1.885981071785729,0.18859810717857292,0.47149526794643226
2.112,9.38733857653874,1.8774677153077481,0.18774677153077482,0.46936692882693704
2.116,9.343289424566123,1.8686578849132247,0.1868657884913225,0.4671644712283062
2.12,9.297764858882513,1.8595529717765027,0.18595529717765027,0.4648882429441257
2.124,9.250772068344583,1.8501544136689165,0.18501544136689166,0.46253860341722913
2.128,9.202318473658705,1.840463694731741,0.1840463694731741,0.46011592368293525
2.132,9.152411726209177,1.8304823452418353,0.18304823452418353,0.4576205863104588
2.136,9.101059706849957,1.8202119413699915,0.18202119413699916,0.4550529853424979
2.14,9.048270524660197,1.8096541049320392,0.18096541049320392,0.4524135262330098
2.144,8.99405251566371,1.7988105031327422,0.17988105031327423,0.44970262578318554
2.148,8.938414241512637,1.7876828483025275,0.17876828483025275,0.4469207120756319
2.152,8.881364488135448,1.7762728976270896,0.17762728976270897,0.4440682244067724
2.156,8.822912264349531,1.7645824528699063,0.17645824528699064,0.4411456132174766
2.16,8.763066800438638,1.7526133600877276,0.17526133600877278,0.4381533400219319
2.164,8.701837546695257,1.7403675093390516,0.17403675093390517,0.4350918773347629
2.168,8.639234171928354,1.727846834385671,0.17278468343856712,0.43196170859641775
2.172,8.575266561936523,1.7150533123873046,0.17150533123873046,0.42876332809682616
2.176,8.509944817946918,1.7019889635893837,0.17019889635893837,0.4254972408973459
2.18,8.443279255020151,1.6886558510040302,0.16886558510040303,0.42216396275100754
2.184,8.375280400421417,1.6750560800842833,0.16750560800842834,0.4187640200210708
2.188,8.30595899195813,1.661191798391626,0.1661191798391626,0.4152979495979065
2.192,8.235325976284273,1.6470651952568545,0.16470651952568546,0.4117662988142136
2.196,8.163392507171842,1.6326785014343683,0.16326785014343684,0.4081696253585921
2.2,8.090169943749476,1.6180339887498951,0.1618033988749895,0.4045084971874738
2.204,8.015669848708766,1.6031339697417533,0.16031339697417535,0.4007834924354383
2.208,7.939903986478354,1.5879807972956708,0.15879807972956708,0.3969951993239177
2.212,7.862884321366189,1.5725768642732378,0.1572576864273238,0.39314421606830946
2.216,7.784623015670233,1.5569246031340467,0.15569246031340467,0.38923115078351167
2.22,7.70513242775789,1.541026485551578,0.15410264855515782,0.3852566213878945
2.224,7.624425110114482,1.5248850220228964,0.15248850220228966,0.3812212555057241
2.228,7.542513807361035,1.508502761472207,0.1508502761472207,0.37712569036805177
2.232,7.459411454241823,1.4918822908483647,0.14918822908483648,0.37297057271209116
2.236,7.375131173581741,1.475026234716348,0.14750262347163481,0.368756558679087
2.24,7.289686274214116,1.457937254842823,0.14579372548428232,0.3644843137107058
2.244,7.20309024887907,1.4406180497758139,0.1440618049775814,0.36015451244395347
2.248,7.115356772092852,1.4230713544185705,0.14230713544185705,0.3557678386046426
2.2520000000000002,7.026499697988491,1.4052999395976982,0.1405299939597698,0.35132498489942454
2.2560000000000002,6.936533058128047,1.3873066116256094,0.13873066116256094,0.34682665290640236
2.2600000000000002,6.84547105928689,1.369094211857378,0.1369094211857378,0.3422735529643445
2.2640000000000002,6.75332808121024,1.350665616242048,0.1350665616242048,0.337666404060512
2.2680000000000002,6.660118674342518,1.3320237348685036,0.13320237348685035,0.3330059337171259
2.2720000000000002,6.565857557529565,1.313171511505913,0.1313171511505913,0.32829287787647826
2.2760000000000002,6.4705596156944365,1.2941119231388873,0.12941119231388873,0.32352798078472184
2.2800000000000002,6.374239897486897,1.2748479794973793,0.12748479794973794,0.3187119948743448
2.2840000000000003,6.276913612907004,1.2553827225814007,0.12553827225814007,0.3138456806453502
2.2880000000000003,6.178596130903341,1.2357192261806682,0.12357192261806682,0.30892980654516705
2.2920000000000003,6.0793029769460505,1.21586059538921,0.12158605953892102,0.3039651488473025
2.2960000000000003,5.979049830575192,1.1958099661150383,0.11958099661150384,0.2989524915287596
2.3000000000000003,5.8778525229247265,1.1755705045849454,0.11755705045849454,0.29389262614623635
2.3040000000000003,5.775727034222678,1.1551454068445355,0.11551454068445355,0.28878635171113387
2.308,5.67268949126758,1.134537898253516,0.11345378982535159,0.283634474563379
2.312,5.568756164881887,1.1137512329763775,0.11137512329763775,0.27843780824409436
2.316,5.4639434673426965,1.0927886934685394,0.10927886934685394,0.27319717336713484
2.32,5.358267949789979,1.0716535899579958,0.10716535899579958,0.26791339748949894
2.324,5.251746299612962,1.0503492599225923,0.10503492599225923,0.2625873149806481
2.328,5.144395337815075,1.028879067563015,0.10288790675630151,0.25721976689075376
2.332,5.036232016357619,1.0072464032715238,0.10072464032715239,0.25181160081788095
2.336,4.927273415482925,0.985454683096585,0.0985454683096585,0.24636367077414625
2.34,4.817536741017162,0.9635073482034323,0.09635073482034323,0.24087683705085808
2.344,4.707039321653341,0.9414078643306683,0.09414078643306684,0.23535196608266706
2.348,4.595798606214886,0.9191597212429771,0.09191597212429771,0.22978993031074427
2.352,4.483832160900328,0.8967664321800657,0.08967664321800657,0.22419160804501642
2.356,4.371157666509342,0.8742315333018684,0.08742315333018685,0.2185578833254671
2.36,4.257792915650731,0.8515585831301461,0.08515585831301462,0.21288964578253652
2.364,4.143755809932853,0.8287511619865705,0.08287511619865706,0.20718779049664263
2.368,4.029064357136637,0.8058128714273274,0.08058128714273274,0.20145321785683185
2.372,3.913736668372034,0.7827473336744067,0.07827473336744067,0.19568683341860169
2.376,3.7977909552180193,0.7595581910436039,0.07595581910436039,0.18988954776090097
2.38,3.6812455268467876,0.7362491053693575,0.07362491053693575,0.18406227634233938
2.384,3.5641187871325135,0.7128237574265027,0.07128237574265027,0.17820593935662568
2.388,3.446429231745176,0.6892858463490352,0.06892858463490352,0.1723214615872588
2.392,3.3281954452298796,0.6656390890459759,0.0665639089045976,0.16640977226149398
2.396,3.2094360980720986,0.6418872196144197,0.06418872196144197,0.16047180490360494
2.4,3.0901699437494856,0.6180339887498971,0.061803398874989715,0.15450849718747428
2.404,2.9704158157703593,0.5940831631540718,0.05940831631540719,0.14852079078851796
2.408,2.8501926246997704,0.5700385249399541,0.057003852493995415,0.14250963123498853
2.412,2.7295193551732604,0.5459038710346521,0.05459038710346521,0.13647596775866302
2.416,2.6084150628989766,0.5216830125797953,0.052168301257979534,0.13042075314494883
2.42,2.4868988716485543,0.4973797743297108,0.049737977432971085,0.1243449435824277
2.424,2.364989970237252,0.4729979940474504,0.047299799404745047,0.1182494985118626
2.428,2.2427076094938245,0.44854152189876495,0.0448541521898765,0.11213538047469124
2.432,2.1200710992205494,0.4240142198441099,0.04240142198441099,0.10600355496102748
2.436,1.9970998051440811,0.3994199610288162,0.03994199610288163,0.09985499025720405
2.44,1.8738131458572562,0.37476262917145126,0.03747626291714513,0.09369065729286281
2.444,1.7502305897527692,0.35004611795055385,0.03500461179505539,0.08751152948763846
2.448,1.6263716519488438,0.3252743303897688,0.03252743303897688,0.0813185825974422
2.452,1.5022558912075774,0.30045117824151546,0.03004511782415155,0.07511279456037886
2.456,1.3779029068463864,0.27558058136927727,0.02755805813692773,0.06889514534231932
2.46,1.2533323356430472,0.25066646712860946,0.02506664671286095,0.06266661678215237
2.464,1.1285638487348295,0.22571276974696589,0.02257127697469659,0.05642819243674147
2.468,1.0036171485121517,0.20072342970243032,0.02007234297024303,0.05018085742560758
2.472,0.8785119655074423,0.17570239310148844,0.017570239310148845,0.04392559827537211
2.476,0.7532680552793367,0.15065361105586733,0.015065361105586733,0.03766340276396683
2.48,0.627905195293142,0.1255810390586284,0.012558103905862842,0.0313952597646571
2.484,0.5024431817977029,0.10048863635954057,0.010048863635954058,0.025122159089885143
2.488,0.3769018266993517,0.07538036533987033,0.007538036533987033,0.018845091334967583
2.492,0.25130095443337996,0.05026019088667599,0.0050260190886676,0.012565047721668998
2.496,0.1256603988335302,0.02513207976670604,0.002513207976670604,0.00628301994167651
2.5,1.1943401194869634e-14,2.388680238973927e-15,2.3886802389739273e-16,5.971700597434817e-16
2.504,-0.1256603988335241,-0.025132079766704816,-0.002513207976670482,-0.006283019941676204
2.508,-0.251300954433365,-0.050260190886672995,-0.0050260190886673,-0.012565047721668249
2.512,-0.3769018266993366,-0.07538036533986732,-0.007538036533986732,-0.01884509133496683
2.516,-0.5024431817976879,-0.10048863635953757,-0.010048863635953758,-0.025122159089884393
2.52,-0.627905195293127,-0.12558103905862542,-0.012558103905862542,-0.031395259764656354
2.524,-0.7532680552793216,-0.15065361105586433,-0.015065361105586435,-0.03766340276396608
2.528,-0.8785119655074272,-0.17570239310148544,-0.017570239310148544,-0.04392559827537136
2.532,-1.0036171485121455,-0.2007234297024291,-0.02007234297024291,-0.050180857425607274
2.536,-1.1285638487348058,-0.22571276974696114,-0.022571276974696117,-0.056428192436740285
2.54,-1.2533323356430413,-0.25066646712860824,-0.025066646712860824,-0.06266661678215206
2.544,-1.3779029068463715,-0.2755805813692743,-0.027558058136927435,-0.06889514534231858
2.548,-1.5022558912075625,-0.3004511782415125,-0.030045117824151254,-0.07511279456037813
2.552,-1.6263716519488378,-0.32527433038976755,-0.032527433038976754,-0.08131858259744189
2.556,-1.7502305897527546,-0.3500461179505509,-0.03500461179505509,-0.08751152948763773
2.56,-1.8738131458572502,-0.37476262917145003,-0.037476262917145,-0.09369065729286251
2.564,-1.9970998051440665,-0.3994199610288133,-0.03994199610288133,-0.09985499025720332
2.568,-2.1200710992205347,-0.424014219844107,-0.0424014219844107,-0.10600355496102674
2.572,-2.24270760949381,-0.448541521898762,-0.044854152189876206,-0.1121353804746905
2.576,-2.3649899702372377,-0.4729979940474475,-0.047299799404744755,-0.11824949851186188
2.58,-2.486898871648531,-0.4973797743297062,-0.04973797743297062,-0.12434494358242655
2.584,-2.6084150628989624,-0.5216830125797924,-0.05216830125797925,-0.1304207531449481
2.588,-2.729519355173255,-0.545903871034651,-0.0545903871034651,-0.13647596775866275
2.592,-2.850192624699756,-0.5700385249399512,-0.05700385249399512,-0.1425096312349878
2.596,-2.9704158157703535,-0.5940831631540707,-0.05940831631540708,-0.14852079078851768
2.6,-3.090169943749471,-0.6180339887498942,-0.061803398874989424,-0.15450849718747356
2.604,-3.2094360980720844,-0.6418872196144169,-0.0641887219614417,-0.16047180490360421
2.608,-3.3281954452298654,-0.6656390890459731,-0.06656390890459732,-0.16640977226149328
2.612,-3.4464292317451624,-0.6892858463490324,-0.06892858463490324,-0.1723214615872581
2.616,-3.564118787132508,-0.7128237574265016,-0.07128237574265016,-0.1782059393566254
2.62,-3.681245526846773,-0.7362491053693546,-0.07362491053693547,-0.18406227634233865
2.624,-3.797790955217998,-0.7595581910435996,-0.07595581910435996,-0.1898895477608999
2.628,-3.91373666837202,-0.782747333674404,-0.0782747333674404,-0.195686833418601
2.632,-4.029064357136631,-0.8058128714273263,-0.08058128714273263,-0.20145321785683157
2.636,-4.1437558099328395,-0.8287511619865678,-0.08287511619865678,-0.20718779049664196
2.64,-4.257792915650717,-0.8515585831301434,-0.08515585831301435,-0.21288964578253586
2.644,-4.371157666509329,-0.8742315333018658,-0.08742315333018658,-0.21855788332546644
2.648,-4.483832160900315,-0.896766432180063,-0.08967664321800631,-0.22419160804501576
2.652,-4.595798606214864,-0.9191597212429728,-0.0919159721242973,-0.2297899303107432
2.656,-4.707039321653336,-0.9414078643306671,-0.09414078643306673,-0.23535196608266679
2.66,-4.817536741017156,-0.9635073482034312,-0.09635073482034312,-0.2408768370508578
2.664,-4.9272734154829125,-0.9854546830965825,-0.09854546830965825,-0.24636367077414562
2.668,-5.036232016357598,-1.0072464032715196,-0.10072464032715196,-0.2518116008178799
2.672,-5.144395337815063,-1.0288790675630126,-0.10288790675630127,-0.25721976689075315
2.676,-5.2517462996129485,-1.0503492599225897,-0.10503492599225897,-0.2625873149806474
2.68,-5.358267949789966,-1.0716535899579933,-0.10716535899579933,-0.26791339748949833
2.684,-5.463943467342684,-1.092788693468537,-0.1092788693468537,-0.2731971733671342
2.688,-5.568756164881882,-1.1137512329763763,-0.11137512329763764,-0.2784378082440941
2.692,-5.672689491267561,-1.1345378982535121,-0.11345378982535122,-0.28363447456337804
2.696,-5.775727034222665,-1.155145406844533,-0.11551454068445331,-0.28878635171113326
2.7,-5.877852522924729,-1.1755705045849458,-0.11755705045849459,-0.29389262614623646
2.704,-5.979049830575194,-1.1958099661150388,-0.11958099661150388,-0.2989524915287597
2.708,-6.079302976946053,-1.2158605953892105,-0.12158605953892106,-0.30396514884730264
2.712,-6.178596130903337,-1.2357192261806673,-0.12357192261806674,-0.30892980654516683
2.716,-6.276913612907006,-1.2553827225814012,-0.12553827225814013,-0.3138456806453503
2.72,-6.374239897486892,-1.2748479794973784,-0.12748479794973785,-0.3187119948743446
2.724,-6.470559615694432,-1.2941119231388865,-0.12941119231388865,-0.3235279807847216
2.728,-6.565857557529574,-1.3131715115059148,-0.13131715115059148,-0.3282928778764787
2.732,-6.66011867434252,-1.332023734868504,-0.1332023734868504,-0.333005933717126
2.736,-6.753328081210243,-1.3506656162420485,-0.13506656162420486,-0.3376664040605121
2.74,-6.845471059286879,-1.369094211857376,-0.1369094211857376,-0.342273552964344
2.744,-6.936533058128049,-1.3873066116256099,-0.138730661162561,-0.34682665290640247
2.748,-7.026499697988486,-1.4052999395976973,-0.14052999395976973,-0.3513249848994243
2.7520000000000002,-7.115356772092855,-1.423071354418571,-0.1423071354418571,-0.3557678386046427
2.7560000000000002,-7.2030902488790645,-1.440618049775813,-0.1440618049775813,-0.36015451244395325
2.7600000000000002,-7.289686274214118,-1.4579372548428235,-0.14579372548428235,-0.3644843137107059
2.7640000000000002,-7.375131173581736,-1.4750262347163472,-0.14750262347163473,-0.3687565586790868
2.7680000000000002,-7.459411454241813,-1.4918822908483627,-0.14918822908483628,-0.37297057271209066
2.7720000000000002,-7.542513807361036,-1.5085027614722073,-0.15085027614722074,-0.3771256903680518
2.7760000000000002,-7.624425110114483,-1.5248850220228967,-0.15248850220228968,-0.38122125550572417
2.7800000000000002,-7.705132427757892,-1.5410264855515785,-0.15410264855515787,-0.3852566213878946
2.7840000000000003,-7.784623015670229,-1.5569246031340458,-0.15569246031340458,-0.38923115078351145
2.7880000000000003,-7.86288432136619,-1.572576864273238,-0.15725768642732382,-0.3931442160683095
2.7920000000000003,-7.939903986478349,-1.5879807972956699,-0.158798079729567,-0.39699519932391747
2.7960000000000003,-8.015669848708757,-1.6031339697417515,-0.16031339697417515,-0.40078349243543787
2.8000000000000003,-8.090169943749482,-1.6180339887498965,-0.16180339887498965,-0.4045084971874741
2.8040000000000003,-8.163392507171842,-1.6326785014343685,-0.16326785014343687,-0.40816962535859214
2.8080000000000003,-8.235325976284273,-1.6470651952568547,-0.1647065195256855,-0.41176629881421367
2.8120000000000003,-8.305958991958121,-1.6611917983916242,-0.16611917983916244,-0.41529794959790606
2.816,-8.375280400421408,-1.6750560800842815,-0.16750560800842818,-0.4187640200210704
2.82,-8.443279255020137,-1.6886558510040275,-0.16886558510040275,-0.42216396275100687
2.824,-8.509944817946911,-1.7019889635893821,-0.17019889635893823,-0.42549724089734553
2.828,-8.57526656193652,-1.715053312387304,-0.1715053312387304,-0.428763328096826
2.832,-8.639234171928347,-1.7278468343856694,-0.17278468343856695,-0.43196170859641736
2.836,-8.701837546695247,-1.7403675093390494,-0.17403675093390494,-0.43509187733476234
2.84,-8.763066800438631,-1.7526133600877263,-0.17526133600877264,-0.43815334002193157
2.844,-8.822912264349524,-1.7645824528699048,-0.1764582452869905,-0.4411456132174762
2.848,-8.881364488135441,-1.7762728976270883,-0.17762728976270883,-0.44406822440677207
2.852,-8.93841424151263,-1.787682848302526,-0.17876828483025262,-0.4469207120756315
2.856,-8.994052515663707,-1.7988105031327415,-0.17988105031327417,-0.4497026257831854
2.86,-9.04827052466019,-1.8096541049320378,-0.1809654104932038,-0.45241352623300946
2.864,-9.101059706849949,-1.8202119413699895,-0.18202119413699896,-0.4550529853424974
2.868,-9.15241172620917,-1.8304823452418342,-0.18304823452418342,-0.45762058631045854
2.872,-9.202318473658703,-1.8404636947317405,-0.18404636947317407,-0.46011592368293514
2.876,-9.250772068344578,-1.8501544136689154,-0.18501544136689155,-0.46253860341722886
2.88,-9.297764858882507,-1.8595529717765016,-0.18595529717765016,-0.4648882429441254
2.884,-9.343289424566118,-1.8686578849132236,-0.18686578849132238,-0.4671644712283059
2.888,-9.387338576538735,-1.877467715307747,-0.1877467715307747,-0.46936692882693676
2.892,-9.429905358928636,-1.8859810717857273,-0.18859810717857273,-0.4714952679464318
2.896,-9.470983049947439,-1.8941966099894878,-0.1894196609989488,-0.47354915249737195
2.9,-9.510565162951535,-1.9021130325903068,-0.19021130325903068,-0.4755282581475767
2.904,-9.548645447466427,-1.9097290894932852,-0.19097290894932853,-0.4774322723733213
2.908,-9.585217890173753,-1.9170435780347508,-0.19170435780347508,-0.4792608945086877
2.912,-9.620276715860856,-1.9240553431721712,-0.19240553431721713,-0.4810138357930428
2.916,-9.653816388332734,-1.9307632776665469,-0.1930763277666547,-0.4826908194166367
2.92,-9.685831611286309,-1.937166322257262,-0.19371663222572622,-0.4842915805643155
2.924,-9.716317329146735,-1.943263465829347,-0.1943263465829347,-0.48581586645733676
2.928,-9.74526872786577,-1.949053745573154,-0.1949053745573154,-0.4872634363932885
2.932,-9.772681235681931,-1.9545362471363863,-0.19545362471363864,-0.4886340617840966
2.936,-9.798550523842465,-1.9597101047684928,-0.19597101047684928,-0.4899275261921232
2.94,-9.822872507286885,-1.964574501457377,-0.1964574501457377,-0.49114362536434425
2.944,-9.845643345292054,-1.9691286690584107,-0.1969128669058411,-0.49228216726460267
2.948,-9.86685944207868,-1.9733718884157359,-0.19733718884157359,-0.49334297210393396
2.952,-9.886517447379138,-1.9773034894758275,-0.19773034894758276,-0.49432587236895686
2.956,-9.90461425696651,-1.9809228513933022,-0.19809228513933022,-0.49523071284832554
2.96,-9.921147013144777,-1.9842294026289553,-0.19842294026289553,-0.4960573506572388
2.964,-9.936113105200082,-1.9872226210400163,-0.19872226210400165,-0.4968056552600041
2.968,-9.949510169813001,-1.9899020339626003,-0.19899020339626006,-0.4974755084906501
2.972,-9.961336091431724,-1.9922672182863448,-0.1992267218286345,-0.4980668045715862
2.976,-9.971589002606137,-1.9943178005212276,-0.19943178005212278,-0.4985794501303069
2.98,-9.980267284282714,-1.996053456856543,-0.1996053456856543,-0.4990133642141357
2.984,-9.987369566060174,-1.997473913212035,-0.1997473913212035,-0.49936847830300873
2.988,-9.992894726405892,-1.9985789452811784,-0.19985789452811786,-0.4996447363202946
2.992,-9.996841892833,-1.9993683785665999,-0.19993683785666,-0.49984209464164997
2.996,-9.99921044203816,-1.9998420884076322,-0.19998420884076323,-0.49996052210190806
3.0,-10.0,-2.0,-0.2,-0.5
3.004,-9.99921044203816,-1.9998420884076322,-0.19998420884076323,-0.49996052210190806
3.008,-9.996841892833,-1.9993683785666,-0.19993683785666003,-0.49984209464165
3.012,-9.992894726405893,-1.9985789452811786,-0.19985789452811786,-0.49964473632029466
3.016,-9.987369566060174,-1.997473913212035,-0.1997473913212035,-0.49936847830300873
3.02,-9.980267284282716,-1.9960534568565431,-0.19960534568565433,-0.4990133642141358
3.024,-9.971589002606141,-1.994317800521228,-0.1994317800521228,-0.498579450130307
3.028,-9.961336091431725,-1.992267218286345,-0.19922672182863452,-0.49806680457158625
3.032,-9.949510169813003,-1.9899020339626006,-0.19899020339626006,-0.49747550849065014
3.036,-9.936113105200086,-1.9872226210400172,-0.19872226210400173,-0.4968056552600043
3.04,-9.921147013144777,-1.9842294026289555,-0.19842294026289556,-0.4960573506572389
3.044,-9.904614256966513,-1.9809228513933024,-0.19809228513933025,-0.4952307128483256
3.048,-9.886517447379141,-1.9773034894758283,-0.19773034894758285,-0.4943258723689571
3.052,-9.866859442078685,-1.9733718884157367,-0.1973371888415737,-0.4933429721039342
3.056,-9.845643345292054,-1.9691286690584109,-0.1969128669058411,-0.4922821672646027
3.06,-9.82287250728689,-1.9645745014573779,-0.1964574501457378,-0.49114362536434447
3.064,-9.79855052384247,-1.959710104768494,-0.1959710104768494,-0.4899275261921235
3.068,-9.772681235681937,-1.9545362471363874,-0.19545362471363875,-0.48863406178409685
3.072,-9.745268727865772,-1.9490537455731545,-0.19490537455731546,-0.4872634363932886
3.076,-9.716317329146742,-1.9432634658293484,-0.19432634658293485,-0.4858158664573371
3.08,-9.685831611286314,-1.937166322257263,-0.19371663222572633,-0.48429158056431576
3.084,-9.653816388332741,-1.9307632776665482,-0.19307632776665484,-0.48269081941663705
3.088,-9.620276715860857,-1.9240553431721716,-0.1924055343172172,-0.4810138357930429
3.092,-9.58521789017376,-1.9170435780347521,-0.19170435780347522,-0.47926089450868803
3.096,-9.548645447466434,-1.9097290894932868,-0.1909729089493287,-0.4774322723733217
3.1,-9.510565162951536,-1.9021130325903073,-0.19021130325903074,-0.4755282581475768
3.104,-9.470983049947447,-1.8941966099894894,-0.18941966099894894,-0.47354915249737234
3.108,-9.42990535892865,-1.8859810717857302,-0.18859810717857303,-0.47149526794643254
3.112,-9.387338576538738,-1.8774677153077477,-0.1877467715307748,-0.4693669288269369
3.116,-9.34328942456612,-1.868657884913224,-0.1868657884913224,-0.467164471228306
3.12,-9.297764858882516,-1.8595529717765034,-0.18595529717765036,-0.46488824294412584
3.124,-9.250772068344586,-1.8501544136689172,-0.18501544136689174,-0.4625386034172293
3.128,-9.202318473658705,-1.840463694731741,-0.1840463694731741,-0.46011592368293525
3.132,-9.15241172620918,-1.8304823452418362,-0.18304823452418362,-0.45762058631045904
3.136,-9.101059706849957,-1.8202119413699915,-0.18202119413699916,-0.4550529853424979
3.14,-9.048270524660193,-1.8096541049320385,-0.18096541049320386,-0.4524135262330096
3.144,-8.99405251566371,-1.7988105031327422,-0.17988105031327423,-0.44970262578318554
3.148,-8.938414241512643,-1.7876828483025284,-0.17876828483025287,-0.4469207120756321
3.152,-8.881364488135453,-1.7762728976270905,-0.17762728976270906,-0.4440682244067726
3.156,-8.822912264349537,-1.7645824528699072,-0.17645824528699072,-0.4411456132174768
3.16,-8.763066800438635,-1.752613360087727,-0.1752613360087727,-0.43815334002193174
3.164,-8.701837546695259,-1.7403675093390518,-0.1740367509339052,-0.43509187733476296
3.168,-8.63923417192836,-1.7278468343856719,-0.1727846834385672,-0.43196170859641797
3.172,-8.575266561936525,-1.7150533123873049,-0.1715053312387305,-0.4287633280968262
3.176,-8.509944817946923,-1.7019889635893848,-0.17019889635893848,-0.4254972408973462
3.18,-8.44327925502016,-1.6886558510040321,-0.16886558510040323,-0.42216396275100804
3.184,-8.375280400421412,-1.6750560800842824,-0.16750560800842826,-0.4187640200210706
3.188,-8.305958991958125,-1.6611917983916251,-0.16611917983916252,-0.4152979495979063
3.192,-8.235325976284278,-1.6470651952568556,-0.16470651952568557,-0.4117662988142139
3.196,-8.163392507171848,-1.6326785014343694,-0.16326785014343695,-0.40816962535859236
3.2,-8.090169943749476,-1.6180339887498953,-0.16180339887498954,-0.40450849718747384
3.204,-8.015669848708773,-1.6031339697417546,-0.16031339697417546,-0.40078349243543865
3.208,-7.939903986478354,-1.5879807972956708,-0.15879807972956708,-0.3969951993239177
3.212,-7.862884321366184,-1.5725768642732367,-0.15725768642732368,-0.3931442160683092
3.216,-7.784623015670235,-1.556924603134047,-0.1556924603134047,-0.3892311507835117
3.22,-7.705132427757897,-1.5410264855515794,-0.15410264855515796,-0.38525662138789485
3.224,-7.624425110114489,-1.5248850220228978,-0.1524885022022898,-0.38122125550572444
3.228,-7.542513807361042,-1.5085027614722084,-0.15085027614722085,-0.3771256903680521
3.232,-7.459411454241818,-1.4918822908483635,-0.14918822908483637,-0.3729705727120909
3.236,-7.3751311735817415,-1.4750262347163483,-0.14750262347163484,-0.3687565586790871
3.24,-7.289686274214123,-1.4579372548428247,-0.14579372548428246,-0.36448431371070616
3.244,-7.20309024887907,-1.4406180497758139,-0.1440618049775814,-0.36015451244395347
3.248,-7.11535677209286,-1.423071354418572,-0.14230713544185722,-0.355767838604643
3.2520000000000002,-7.026499697988504,-1.4052999395977008,-0.1405299939597701,-0.3513249848994252
3.2560000000000002,-6.936533058128042,-1.3873066116256083,-0.13873066116256083,-0.3468266529064021
3.2600000000000002,-6.845471059286884,-1.3690942118573768,-0.13690942118573768,-0.3422735529643442
3.2640000000000002,-6.753328081210248,-1.3506656162420496,-0.13506656162420497,-0.3376664040605124
3.2680000000000002,-6.660118674342526,-1.3320237348685051,-0.13320237348685052,-0.3330059337171263
3.2720000000000002,-6.565857557529567,-1.3131715115059133,-0.13131715115059134,-0.3282928778764783
3.2760000000000002,-6.470559615694452,-1.2941119231388902,-0.12941119231388903,-0.32352798078472256
3.2800000000000002,-6.3742398974868975,-1.2748479794973795,-0.12748479794973797,-0.3187119948743449
3.2840000000000003,-6.2769136129069985,-1.2553827225813996,-0.12553827225813996,-0.3138456806453499
3.2880000000000003,-6.178596130903342,-1.2357192261806684,-0.12357192261806685,-0.3089298065451671
3.2920000000000003,-6.079302976946059,-1.2158605953892119,-0.1215860595389212,-0.30396514884730297
3.2960000000000003,-5.9790498305752005,-1.19580996611504,-0.11958099661150401,-0.29895249152876
3.3000000000000003,-5.8778525229247345,-1.175570504584947,-0.1175570504584947,-0.29389262614623674
3.3040000000000003,-5.775727034222671,-1.1551454068445342,-0.11551454068445342,-0.28878635171113354
3.3080000000000003,-5.672689491267566,-1.1345378982535133,-0.11345378982535133,-0.2836344745633783
3.3120000000000003,-5.568756164881873,-1.1137512329763746,-0.11137512329763746,-0.27843780824409364
3.3160000000000003,-5.46394346734269,-1.092788693468538,-0.10927886934685381,-0.2731971733671345
3.3200000000000003,-5.358267949789973,-1.0716535899579944,-0.10716535899579945,-0.2679133974894986
3.3240000000000003,-5.251746299612971,-1.050349259922594,-0.10503492599225941,-0.2625873149806485
3.3280000000000003,-5.144395337815054,-1.0288790675630108,-0.10288790675630109,-0.2572197668907527
3.332,-5.03623201635762,-1.007246403271524,-0.1007246403271524,-0.251811600817881
3.336,-4.927273415482934,-0.9854546830965868,-0.09854546830965868,-0.2463636707741467
3.34,-4.817536741017163,-0.9635073482034325,-0.09635073482034326,-0.24087683705085813
3.344,-4.707039321653342,-0.9414078643306685,-0.09414078643306685,-0.23535196608266712
3.348,-4.5957986062149025,-0.9191597212429805,-0.09191597212429806,-0.22978993031074513
3.352,-4.483832160900322,-0.8967664321800644,-0.08967664321800645,-0.2241916080450161
3.356,-4.371157666509335,-0.8742315333018671,-0.08742315333018671,-0.21855788332546677
3.36,-4.2577929156507395,-0.851558583130148,-0.08515585831301481,-0.212889645782537
3.364,-4.143755809932862,-0.8287511619865724,-0.08287511619865724,-0.2071877904966431
3.368,-4.0290643571366385,-0.8058128714273276,-0.08058128714273277,-0.2014532178568319
3.372,-3.913736668372043,-0.7827473336744086,-0.07827473336744087,-0.19568683341860216
3.376,-3.7977909552180207,-0.7595581910436041,-0.07595581910436042,-0.18988954776090103
3.38,-3.68124552684678,-0.7362491053693561,-0.07362491053693561,-0.18406227634233902
3.384,-3.564118787132515,-0.712823757426503,-0.0712823757426503,-0.17820593935662574
3.388,-3.4464292317451855,-0.6892858463490371,-0.06892858463490371,-0.17232146158725928
3.392,-3.328195445229889,-0.6656390890459778,-0.06656390890459778,-0.16640977226149445
3.396,-3.209436098072108,-0.6418872196144216,-0.06418872196144217,-0.1604718049036054
3.4,-3.0901699437494785,-0.6180339887498957,-0.06180339887498957,-0.15450849718747392
3.404,-2.97041581577036,-0.5940831631540721,-0.05940831631540721,-0.14852079078851801
3.408,-2.8501926246997806,-0.5700385249399561,-0.057003852493995616,-0.14250963123498903
3.412,-2.7295193551732617,-0.5459038710346523,-0.054590387103465234,-0.13647596775866308
3.416,-2.6084150628989864,-0.5216830125797973,-0.052168301257979735,-0.13042075314494933
3.42,-2.4868988716485725,-0.49737977432971453,-0.04973797743297145,-0.12434494358242863
3.424,-2.3649899702372448,-0.4729979940474489,-0.047299799404744894,-0.11824949851186223
3.428,-2.2427076094938174,-0.44854152189876345,-0.044854152189876345,-0.11213538047469086
3.432,-2.1200710992205596,-0.4240142198441119,-0.04240142198441119,-0.10600355496102798
3.436,-1.9970998051440911,-0.3994199610288182,-0.03994199610288182,-0.09985499025720455
3.44,-1.8738131458572573,-0.3747626291714515,-0.03747626291714515,-0.09369065729286287
3.444,-1.7502305897527792,-0.35004611795055585,-0.03500461179505559,-0.08751152948763896
3.448,-1.626371651948845,-0.325274330389769,-0.0325274330389769,-0.08131858259744225
3.452,-1.5022558912075699,-0.30045117824151396,-0.030045117824151396,-0.07511279456037849
3.456,-1.3779029068463877,-0.27558058136927754,-0.027558058136927757,-0.06889514534231939
3.46,-1.2533323356430572,-0.25066646712861146,-0.025066646712861147,-0.06266661678215286
3.464,-1.1285638487348395,-0.22571276974696788,-0.02257127697469679,-0.05642819243674197
3.468,-1.0036171485121617,-0.20072342970243232,-0.020072342970243233,-0.05018085742560808
3.472,-0.8785119655074346,-0.17570239310148691,-0.017570239310148693,-0.04392559827537173
3.476,-0.7532680552793379,-0.15065361105586758,-0.01506536110558676,-0.037663402763966895
3.48,-0.6279051952931523,-0.12558103905863044,-0.012558103905863045,-0.03139525976465761
3.484,-0.5024431817977041,-0.10048863635954082,-0.010048863635954083,-0.025122159089885205
3.488,-0.37690182669936173,-0.07538036533987234,-0.007538036533987234,-0.018845091334968086
3.492,-0.25130095443339895,-0.05026019088667979,-0.005026019088667979,-0.012565047721669947
3.496,-0.12566039883352256,-0.02513207976670451,-0.002513207976670451,-0.006283019941676128
3.5,-4.2862637970157365e-15,-8.572527594031472e-16,-8.572527594031473e-17,-2.143131898507868e-16
3.504,0.12566039883351396,0.025132079766702793,0.0025132079766702793,0.006283019941675698
3.508,0.2513009544333549,0.050260190886670976,0.005026019088667098,0.012565047721667744
3.512,0.3769018266993354,0.07538036533986708,0.007538036533986709,0.01884509133496677
3.516,0.5024431817976778,0.10048863635953556,0.010048863635953557,0.02512215908988389
3.52,0.6279051952931259,0.1255810390586252,0.01255810390586252,0.0313952597646563
3.524,0.7532680552793293,0.15065361105586586,0.015065361105586587,0.037663402763966465
3.528,0.878511965507426,0.17570239310148522,0.017570239310148523,0.043925598275371305
3.532,1.0036171485121352,0.20072342970242707,0.02007234297024271,0.05018085742560677
3.536,1.1285638487347955,0.2257127697469591,0.022571276974695912,0.05642819243673978
3.54,1.2533323356430313,0.25066646712860624,0.025066646712860626,0.06266661678215156
3.544,1.377902906846379,0.2755805813692758,0.027558058136927584,0.06889514534231896
3.548,1.5022558912075612,0.30045117824151224,0.030045117824151226,0.07511279456037806
3.552,1.6263716519488367,0.32527433038976733,0.03252743303897673,0.08131858259744183
3.556,1.7502305897527535,0.3500461179505507,0.03500461179505507,0.08751152948763767
3.56,1.8738131458572316,0.3747626291714463,0.037476262917144634,0.09369065729286158
3.564,1.9970998051440478,0.39941996102880956,0.03994199610288096,0.09985499025720239
3.568,2.120071099220551,0.42401421984411025,0.04240142198441103,0.10600355496102756
3.572,2.242707609493809,0.4485415218987618,0.04485415218987618,0.11213538047469045
3.576,2.3649899702372363,0.47299799404744725,0.04729979940474473,0.11824949851186181
3.58,2.48689887164853,0.497379774329706,0.0497379774329706,0.1243449435824265
3.584,2.608415062898961,0.5216830125797922,0.05216830125797922,0.13042075314494805
3.588,2.7295193551732364,0.5459038710346473,0.054590387103464734,0.13647596775866183
3.592,2.850192624699755,0.570038524939951,0.0570038524939951,0.14250963123498775
3.596,2.9704158157703526,0.5940831631540705,0.05940831631540705,0.14852079078851763
3.6,3.09016994374947,0.618033988749894,0.0618033988749894,0.1545084971874735
3.604,3.209436098072083,0.6418872196144166,0.06418872196144167,0.16047180490360416
3.608,3.3281954452298472,0.6656390890459695,0.06656390890459694,0.16640977226149237
3.612,3.446429231745161,0.6892858463490322,0.06892858463490323,0.17232146158725806
3.616,3.564118787132507,0.7128237574265014,0.07128237574265014,0.17820593935662535
3.62,3.681245526846772,0.7362491053693544,0.07362491053693544,0.1840622763423386
3.624,3.7977909552180127,0.7595581910436026,0.07595581910436026,0.18988954776090064
3.628,3.9137366683720187,0.7827473336744037,0.07827473336744038,0.19568683341860094
3.632,4.0290643571366145,0.8058128714273228,0.08058128714273229,0.2014532178568307
3.636,4.143755809932822,0.8287511619865644,0.08287511619865645,0.2071877904966411
3.64,4.257792915650732,0.8515585831301464,0.08515585831301464,0.2128896457825366
3.644,4.371157666509328,0.8742315333018655,0.08742315333018656,0.21855788332546638
3.648,4.483832160900314,0.8967664321800628,0.08967664321800628,0.2241916080450157
3.652,4.5957986062148635,0.9191597212429726,0.09191597212429727,0.22978993031074316
3.656,4.707039321653319,0.9414078643306638,0.09414078643306639,0.23535196608266595
3.66,4.81753674101714,0.9635073482034279,0.09635073482034279,0.24087683705085697
3.664,4.927273415482912,0.9854546830965822,0.09854546830965823,0.24636367077414556
3.668,5.036232016357612,1.0072464032715225,0.10072464032715225,0.2518116008178806
3.672,5.144395337815062,1.0288790675630124,0.10288790675630125,0.2572197668907531
3.676,5.2517462996129485,1.0503492599225897,0.10503492599225897,0.2625873149806474
3.68,5.3582679497899495,1.07165358995799,0.107165358995799,0.2679133974894975
3.684,5.463943467342683,1.0927886934685367,0.10927886934685367,0.27319717336713417
3.688,5.568756164881881,1.1137512329763761,0.11137512329763762,0.27843780824409403
3.692,5.67268949126756,1.134537898253512,0.1134537898253512,0.283634474563378
3.696,5.775727034222679,1.1551454068445357,0.11551454068445358,0.2887863517111339
3.7,5.877852522924728,1.1755705045849456,0.11755705045849457,0.2938926261462364
3.704,5.979049830575179,1.1958099661150359,0.11958099661150359,0.29895249152875897
3.708,6.079302976946038,1.2158605953892077,0.12158605953892077,0.3039651488473019
3.712,6.17859613090335,1.23571922618067,0.123571922618067,0.3089298065451675
3.716,6.276913612907005,1.255382722581401,0.1255382722581401,0.31384568064535023
3.72,6.374239897486891,1.2748479794973782,0.12748479794973783,0.31871199487434454
3.724,6.4705596156944445,1.294111923138889,0.1294111923138889,0.3235279807847222
3.728,6.56585755752956,1.313171511505912,0.1313171511505912,0.328292877876478
3.732,6.660118674342506,1.3320237348685011,0.13320237348685013,0.3330059337171253
3.736,6.753328081210242,1.3506656162420483,0.13506656162420483,0.33766640406051207
3.74,6.845471059286891,1.3690942118573781,0.13690942118573782,0.34227355296434453
3.744,6.936533058128048,1.3873066116256096,0.13873066116256097,0.3468266529064024
3.748,7.026499697988485,1.405299939597697,0.1405299939597697,0.35132498489942426
3.7520000000000002,7.1153567720928415,1.4230713544185682,0.14230713544185683,0.35576783860464206
3.7560000000000002,7.203090248879064,1.4406180497758128,0.14406180497758128,0.3601545124439532
3.7600000000000002,7.289686274214117,1.4579372548428233,0.14579372548428235,0.36448431371070583
3.7640000000000002,7.375131173581736,1.4750262347163472,0.14750262347163473,0.3687565586790868
3.7680000000000002,7.459411454241824,1.4918822908483649,0.1491882290848365,0.3729705727120912
3.7720000000000002,7.542513807361035,1.508502761472207,0.1508502761472207,0.37712569036805177
3.7760000000000002,7.624425110114471,1.5248850220228942,0.15248850220228943,0.38122125550572356
3.7800000000000002,7.7051324277578805,1.541026485551576,0.15410264855515762,0.385256621387894
3.7840000000000003,7.78462301567024,1.556924603134048,0.1556924603134048,0.389231150783512
3.7880000000000003,7.862884321366189,1.5725768642732378,0.1572576864273238,0.39314421606830946
3.7920000000000003,7.939903986478349,1.5879807972956699,0.158798079729567,0.39699519932391747
3.7960000000000003,8.015669848708768,1.6031339697417535,0.16031339697417535,0.40078349243543837
3.8000000000000003,8.090169943749471,1.6180339887498942,0.16180339887498943,0.40450849718747356
3.8040000000000003,8.163392507171832,1.6326785014343663,0.16326785014343664,0.4081696253585916
3.8080000000000003,8.235325976284273,1.6470651952568545,0.16470651952568546,0.4117662988142136
3.8120000000000003,8.30595899195813,1.661191798391626,0.1661191798391626,0.4152979495979065
3.8160000000000003,8.375280400421417,1.6750560800842833,0.16750560800842834,0.4187640200210708
3.8200000000000003,8.443279255020146,1.6886558510040293,0.16886558510040295,0.4221639627510073
3.8240000000000003,8.509944817946911,1.7019889635893821,0.17019889635893823,0.42549724089734553
3.8280000000000003,8.57526656193652,1.715053312387304,0.1715053312387304,0.428763328096826
3.8320000000000003,8.639234171928354,1.727846834385671,0.17278468343856712,0.43196170859641775
3.8360000000000003,8.701837546695256,1.740367509339051,0.1740367509339051,0.43509187733476273
3.84,8.76306680043863,1.752613360087726,0.1752613360087726,0.4381533400219315
3.844,8.822912264349524,1.7645824528699048,0.1764582452869905,0.4411456132174762
3.848,8.881364488135432,1.7762728976270865,0.17762728976270867,0.44406822440677163
3.852,8.93841424151263,1.787682848302526,0.17876828483025262,0.4469207120756315
3.856,8.994052515663707,1.7988105031327415,0.17988105031327417,0.4497026257831854
3.86,9.04827052466019,1.8096541049320378,0.1809654104932038,0.45241352623300946
3.864,9.101059706849954,1.8202119413699909,0.1820211941369991,0.4550529853424977
3.868,9.15241172620917,1.8304823452418342,0.18304823452418342,0.45762058631045854
3.872,9.202318473658694,1.840463694731739,0.1840463694731739,0.46011592368293475
3.876,9.250772068344569,1.8501544136689139,0.1850154413668914,0.46253860341722847
3.88,9.297764858882513,1.8595529717765027,0.18595529717765027,0.4648882429441257
3.884,9.343289424566116,1.8686578849132234,0.18686578849132235,0.46716447122830584
3.888,9.387338576538735,1.877467715307747,0.1877467715307747,0.46936692882693676
3.892,9.429905358928636,1.8859810717857273,0.18859810717857273,0.4714952679464318
3.896,9.470983049947439,1.8941966099894876,0.18941966099894877,0.4735491524973719
3.9,9.51056516295153,1.9021130325903057,0.19021130325903057,0.47552825814757643
3.904,9.548645447466427,1.9097290894932852,0.19097290894932853,0.4774322723733213
3.908,9.585217890173759,1.9170435780347517,0.19170435780347517,0.4792608945086879
3.912,9.620276715860856,1.9240553431721712,0.19240553431721713,0.4810138357930428
3.916,9.653816388332734,1.9307632776665469,0.1930763277666547,0.4826908194166367
3.92,9.685831611286305,1.937166322257261,0.1937166322257261,0.48429158056431526
3.924,9.716317329146735,1.943263465829347,0.1943263465829347,0.48581586645733676
3.928,9.74526872786577,1.949053745573154,0.1949053745573154,0.4872634363932885
3.932,9.772681235681931,1.9545362471363863,0.19545362471363864,0.4886340617840966
3.936,9.798550523842467,1.9597101047684935,0.19597101047684937,0.4899275261921234
3.94,9.822872507286885,1.964574501457377,0.1964574501457377,0.49114362536434425
3.944,9.84564334529205,1.96912866905841,0.196912866905841,0.4922821672646025
3.948,9.866859442078676,1.9733718884157352,0.19733718884157353,0.4933429721039338
3.952,9.886517447379141,1.9773034894758281,0.19773034894758282,0.49432587236895703
3.956,9.90461425696651,1.9809228513933022,0.19809228513933022,0.49523071284832554
3.96,9.921147013144777,1.9842294026289553,0.19842294026289553,0.4960573506572388
3.964,9.936113105200082,1.9872226210400163,0.19872226210400165,0.4968056552600041
3.968,9.949510169813001,1.9899020339626001,0.19899020339626003,0.49747550849065003
3.972,9.961336091431722,1.9922672182863446,0.19922672182863446,0.49806680457158614
3.976,9.971589002606137,1.9943178005212276,0.19943178005212278,0.4985794501303069
3.98,9.980267284282716,1.9960534568565431,0.19960534568565433,0.4990133642141358
3.984,9.987369566060174,1.997473913212035,0.1997473913212035,0.49936847830300873
3.988,9.992894726405892,1.9985789452811784,0.19985789452811786,0.4996447363202946
3.992,9.996841892833,1.9993683785665999,0.19993683785666,0.49984209464164997
3.996,9.99921044203816,1.9998420884076322,0.19998420884076323,0.49996052210190806
4.0,10.0,2.0,0.2,0.5
